source_row_index,Ref ID,target,label
0,591206723,0,Pass
1,588916194,0,Pass
2,588916195,0,Pass
3,593821265,0,Pass
4,594624328,0,Pass
5,594624327,0,Pass
6,594624334,0,Pass
7,594624349,0,Pass
8,594624351,0,Pass
9,594624359,0,Pass
10,594624344,0,Pass
11,594624353,0,Pass
12,594624335,0,Pass
13,595466236,0,Pass
14,595466234,0,Pass
15,595466235,0,Pass
16,594624343,0,Pass
17,594624347,0,Pass
18,593052622,0,Pass
19,593052623,0,Pass
20,593052624,0,Pass
21,593052625,0,Pass
22,593052626,0,Pass
23,593052627,0,Pass
24,593052621,0,Pass
25,592095457,0,Pass
26,595068579,0,Pass
27,595068580,0,Pass
28,595149923,0,Pass
29,595149921,0,Pass
30,595149922,0,Pass
31,595149920,0,Pass
32,595149919,0,Pass
33,594084502,1,Fail
34,594951944,0,Pass
35,594732521,0,Pass
36,595178000,0,Pass
37,594624330,0,Pass
38,594624352,0,Pass
39,594624348,0,Pass
40,595643066,0,Pass
41,595643064,0,Pass
42,595643065,0,Pass
43,595643067,0,Pass
44,595466238,0,Pass
45,595466237,0,Pass
46,594624346,0,Pass
47,594624325,0,Pass
48,594624329,0,Pass
49,594624326,0,Pass
50,594624350,0,Pass
51,594655656,0,Pass
52,593792400,0,Pass
53,593764265,0,Pass
54,593764264,0,Pass
55,594597448,0,Pass
56,593751511,0,Pass
57,595377125,0,Pass
58,595377127,0,Pass
59,595377122,0,Pass
60,595377124,0,Pass
61,595068577,0,Pass
62,592435332,0,Pass
63,592435333,0,Pass
64,595382418,0,Pass
65,595382417,0,Pass
66,595643068,0,Pass
67,595382416,0,Pass
68,593792418,0,Pass
69,594624341,0,Pass
70,594624358,0,Pass
71,594535635,1,Fail
72,594535634,0,Pass
73,594535633,0,Pass
74,594535632,0,Pass
75,594535631,0,Pass
76,594624345,0,Pass
77,594624354,0,Pass
78,594624355,0,Pass
79,594624356,0,Pass
80,594624357,0,Pass
81,596116510,0,Pass
82,594624333,0,Pass
83,595466240,1,Fail
84,595466239,1,Fail
85,596111546,0,Pass
86,596116511,0,Pass
87,596116509,0,Pass
88,596116512,0,Pass
89,596381878,0,Pass
90,596381877,0,Pass
91,596381879,0,Pass
92,596381880,0,Pass
93,594624332,0,Pass
94,594624360,0,Pass
95,594624331,0,Pass
96,594624342,0,Pass
97,596893076,0,Pass
98,595389399,0,Pass
99,596283727,0,Pass
100,596213504,1,Fail
101,594624338,0,Pass
102,594624340,0,Pass
103,592939261,0,Pass
104,592939258,0,Pass
105,592939260,0,Pass
106,592939263,0,Pass
107,589098737,0,Pass
108,589098741,0,Pass
109,589098743,0,Pass
110,596952545,0,Pass
111,596952547,0,Pass
112,596552689,0,Pass
113,597328025,1,Fail
114,596493613,0,Pass
115,595466233,1,Fail
116,595466232,1,Fail
117,594634841,0,Pass
118,597326071,0,Pass
119,597326073,0,Pass
120,597326072,0,Pass
121,597326074,0,Pass
122,597326075,0,Pass
123,596538629,0,Pass
124,596362139,0,Pass
125,596729595,1,Fail
126,596729596,1,Fail
127,596213974,0,Pass
128,596552688,0,Pass
129,597328023,1,Fail
130,594606948,1,Fail
131,596543373,0,Pass
132,595872741,0,Pass
133,595872742,1,Fail
134,597374233,0,Pass
135,594624336,0,Pass
136,594624337,0,Pass
137,592939259,0,Pass
138,594634842,1,Fail
139,597484127,0,Pass
140,595796619,0,Pass
141,597328024,1,Fail
142,597374234,0,Pass
143,594624339,0,Pass
144,592939262,0,Pass
145,589098747,0,Pass
146,589098739,0,Pass
147,589098742,0,Pass
148,589098738,0,Pass
149,589098740,0,Pass
150,589098744,0,Pass
151,596893077,0,Pass
152,589098746,0,Pass
153,589098750,0,Pass
154,589098745,0,Pass
155,589098748,0,Pass
156,589098751,0,Pass
157,596054305,0,Pass
158,597675573,0,Pass
159,597675574,0,Pass
160,597688629,0,Pass
161,597688626,0,Pass
162,597688628,0,Pass
163,597688624,0,Pass
164,597688625,0,Pass
165,597688630,0,Pass
166,597688627,0,Pass
167,597688631,0,Pass
168,597611315,0,Pass
169,597611316,0,Pass
170,589098749,1,Fail
171,589098752,0,Pass
172,589098759,1,Fail
173,589098753,0,Pass
174,596213975,0,Pass
175,597675575,0,Pass
176,597675576,0,Pass
177,598238910,0,Pass
178,589098761,0,Pass
179,589098754,0,Pass
180,589098755,0,Pass
181,589098756,0,Pass
182,589098767,0,Pass
183,589098757,0,Pass
184,589098758,0,Pass
185,598270347,0,Pass
186,598044475,1,Fail
187,598044476,1,Fail
188,598044477,1,Fail
189,597977106,1,Fail
190,597977105,1,Fail
191,597961441,0,Pass
192,589098762,0,Pass
193,589098764,0,Pass
194,589098765,0,Pass
195,589098763,0,Pass
196,589098760,0,Pass
197,589098766,0,Pass
198,598463318,0,Pass
199,598516307,0,Pass
200,598516308,0,Pass
201,598516309,0,Pass
202,598516310,0,Pass
203,598516311,0,Pass
204,599474983,0,Pass
205,599475015,0,Pass
206,599475074,0,Pass
207,599474809,0,Pass
208,598826791,0,Pass
209,598516312,0,Pass
210,597708976,0,Pass
211,599359213,0,Pass
212,599359210,0,Pass
213,599359180,0,Pass
214,599359173,0,Pass
215,599359171,1,Fail
216,599359175,0,Pass
217,599359179,0,Pass
218,599474802,0,Pass
219,599475010,0,Pass
220,599475014,0,Pass
221,599475013,0,Pass
222,599475075,0,Pass
223,599474973,0,Pass
224,599474978,0,Pass
225,599474811,0,Pass
226,599474980,0,Pass
227,599474814,0,Pass
228,599474975,0,Pass
229,599474968,0,Pass
230,599474817,0,Pass
231,599474807,0,Pass
232,599474970,0,Pass
233,599474800,0,Pass
234,599475072,0,Pass
235,599475073,0,Pass
236,599475070,0,Pass
237,599475077,0,Pass
238,598981252,0,Pass
239,599475069,0,Pass
240,599475067,0,Pass
241,599475065,0,Pass
242,599475071,0,Pass
243,599475068,0,Pass
244,599475182,0,Pass
245,599475180,0,Pass
246,599475181,0,Pass
247,599475179,0,Pass
248,599475165,0,Pass
249,599475162,0,Pass
250,599475168,0,Pass
251,599475164,0,Pass
252,599475166,0,Pass
253,599475167,0,Pass
254,599475163,0,Pass
255,599474804,0,Pass
256,599475076,0,Pass
257,599475116,0,Pass
258,599475113,0,Pass
259,599475185,0,Pass
260,599475054,0,Pass
261,599475114,0,Pass
262,599475112,0,Pass
263,597224366,0,Pass
264,597224368,1,Fail
265,597224369,1,Fail
266,599475197,0,Pass
267,599475115,0,Pass
268,599475196,0,Pass
269,599475184,0,Pass
270,599475052,0,Pass
271,599475056,1,Fail
272,599475183,1,Fail
273,599475057,0,Pass
274,599474965,0,Pass
275,599475178,0,Pass
276,599475027,0,Pass
277,599475096,0,Pass
278,599475097,0,Pass
279,599475198,0,Pass
280,599475095,0,Pass
281,599475028,0,Pass
282,599475029,0,Pass
283,599475094,0,Pass
284,599475176,0,Pass
285,599475174,0,Pass
286,599475172,0,Pass
287,599475170,0,Pass
288,599475175,0,Pass
289,599475173,0,Pass
290,599475171,0,Pass
291,599475177,0,Pass
292,599475058,0,Pass
293,599474930,0,Pass
294,599475024,0,Pass
295,599475158,1,Fail
296,599475020,0,Pass
297,599475156,1,Fail
298,599475155,1,Fail
299,599475023,0,Pass
300,599475157,1,Fail
301,600286108,0,Pass
302,597224367,1,Fail
303,599435699,0,Pass
304,599435707,0,Pass
305,599435701,0,Pass
306,599435703,0,Pass
307,599435705,0,Pass
308,599359211,0,Pass
309,599475053,0,Pass
310,599475059,0,Pass
311,599475030,0,Pass
312,599475055,0,Pass
313,599474928,0,Pass
314,599475092,0,Pass
315,599475128,0,Pass
316,599475129,0,Pass
317,599475126,0,Pass
318,599474898,0,Pass
319,599474896,0,Pass
320,599475044,0,Pass
321,599474789,0,Pass
322,599474926,0,Pass
323,599475008,0,Pass
324,599475031,0,Pass
325,599475043,0,Pass
326,599475083,0,Pass
327,599475087,0,Pass
328,599475093,0,Pass
329,599475091,0,Pass
330,599475088,0,Pass
331,599475085,0,Pass
332,599475018,0,Pass
333,599475079,0,Pass
334,599475080,0,Pass
335,599475016,0,Pass
336,599475017,0,Pass
337,599475081,0,Pass
338,599475082,0,Pass
339,599475084,0,Pass
340,600004846,0,Pass
341,599890964,0,Pass
342,599890962,0,Pass
343,599890963,0,Pass
344,599359221,0,Pass
345,599359215,0,Pass
346,599359217,0,Pass
347,599359218,0,Pass
348,599359208,0,Pass
349,599359205,0,Pass
350,599359190,0,Pass
351,599359194,0,Pass
352,599359198,0,Pass
353,599359203,0,Pass
354,599359188,0,Pass
355,599359186,0,Pass
356,600983831,0,Pass
357,599475045,0,Pass
358,599475127,0,Pass
359,599475191,0,Pass
360,599475033,0,Pass
361,599475107,0,Pass
362,599475036,0,Pass
363,599475037,0,Pass
364,599475103,0,Pass
365,599475039,0,Pass
366,599475038,0,Pass
367,599474782,0,Pass
368,599475041,0,Pass
369,599475040,0,Pass
370,599475005,0,Pass
371,600520027,0,Pass
372,599475002,0,Pass
373,599475090,0,Pass
374,599475021,0,Pass
375,599474845,0,Pass
376,599475063,0,Pass
377,599474833,0,Pass
378,599475133,0,Pass
379,599475121,0,Pass
380,599474948,0,Pass
381,599475120,0,Pass
382,599474786,0,Pass
383,599475078,0,Pass
384,599474784,0,Pass
385,599475049,0,Pass
386,599475046,0,Pass
387,599475050,0,Pass
388,599475047,0,Pass
389,599475048,0,Pass
390,599474840,0,Pass
391,599475042,0,Pass
392,599474838,0,Pass
393,599474835,0,Pass
394,599474831,0,Pass
395,599475160,0,Pass
396,599475135,0,Pass
397,599475136,0,Pass
398,599475134,0,Pass
399,599475118,0,Pass
400,599475124,0,Pass
401,599475123,0,Pass
402,599474943,0,Pass
403,599475110,0,Pass
404,599475109,0,Pass
405,599474987,0,Pass
406,599474990,0,Pass
407,599474992,0,Pass
408,599474824,0,Pass
409,601005771,0,Pass
410,601005768,0,Pass
411,599359182,0,Pass
412,599359177,0,Pass
413,599359169,0,Pass
414,599359206,0,Pass
415,600983830,0,Pass
416,599474923,0,Pass
417,599475131,0,Pass
418,599475169,0,Pass
419,599474921,0,Pass
420,599474945,0,Pass
421,599475106,0,Pass
422,599474950,0,Pass
423,599475105,0,Pass
424,599474911,0,Pass
425,599474913,0,Pass
426,599475153,0,Pass
427,599475150,0,Pass
428,599474874,0,Pass
429,599474894,0,Pass
430,599475130,0,Pass
431,599475149,0,Pass
432,599474826,0,Pass
433,599474829,0,Pass
434,599474822,0,Pass
435,599475194,0,Pass
436,599475193,0,Pass
437,599475104,0,Pass
438,599475195,0,Pass
439,599475146,0,Pass
440,599474889,0,Pass
441,599474906,0,Pass
442,599475138,0,Pass
443,599475145,0,Pass
444,599474842,0,Pass
445,599474886,0,Pass
446,599474869,0,Pass
447,599474884,0,Pass
448,599474881,0,Pass
449,599474879,0,Pass
450,599474871,0,Pass
451,599474876,0,Pass
452,599474866,0,Pass
453,601005769,0,Pass
454,599475019,0,Pass
455,599475022,0,Pass
456,599475025,0,Pass
457,599475026,0,Pass
458,599475032,0,Pass
459,599475086,0,Pass
460,599475089,0,Pass
461,600151099,0,Pass
462,597680915,0,Pass
463,601427727,0,Pass
464,599474933,0,Pass
465,599475152,0,Pass
466,599475137,0,Pass
467,599474997,0,Pass
468,600353469,0,Pass
469,599474935,0,Pass
470,599475034,0,Pass
471,599475098,0,Pass
472,599475099,0,Pass
473,599475101,0,Pass
474,599475122,0,Pass
475,599475140,0,Pass
476,599475187,0,Pass
477,599475188,0,Pass
478,599475051,0,Pass
479,599435692,0,Pass
480,599435697,0,Pass
481,599435690,0,Pass
482,599435695,0,Pass
483,600438457,0,Pass
484,600438458,0,Pass
485,600438456,0,Pass
486,601077084,0,Pass
487,601438797,0,Pass
488,599890965,0,Pass
489,600353471,0,Pass
490,600353470,0,Pass
491,599475061,0,Pass
492,599475111,0,Pass
493,599474901,0,Pass
494,599475190,0,Pass
495,599475148,0,Pass
496,599475100,0,Pass
497,599475035,0,Pass
498,599475119,0,Pass
499,599475102,0,Pass
500,599475151,0,Pass
501,599474861,0,Pass
502,599475139,0,Pass
503,599475141,0,Pass
504,599474779,0,Pass
505,599475062,0,Pass
506,599475064,1,Fail
507,599474847,0,Pass
508,599474851,0,Pass
509,599475154,0,Pass
510,599475142,0,Pass
511,599474864,0,Pass
512,599474953,0,Pass
513,599474850,0,Pass
514,599474856,0,Pass
515,599475125,0,Pass
516,599475117,0,Pass
517,599474772,0,Pass
518,599474852,0,Pass
519,599474854,0,Pass
520,599474859,0,Pass
521,599474918,0,Pass
522,599435719,0,Pass
523,599435712,0,Pass
524,599435731,0,Pass
525,599435726,0,Pass
526,599435714,0,Pass
527,599435723,0,Pass
528,599435721,0,Pass
529,599435728,0,Pass
530,599435716,0,Pass
531,599435709,0,Pass
532,600550180,0,Pass
533,601716244,0,Pass
534,600407964,0,Pass
535,599474963,0,Pass
536,599474938,0,Pass
537,599474798,0,Pass
538,599474795,0,Pass
539,599474777,0,Pass
540,599474960,0,Pass
541,599475060,0,Pass
542,599474891,0,Pass
543,599474955,0,Pass
544,599475186,0,Pass
545,599474958,0,Pass
546,599475189,0,Pass
547,599475108,0,Pass
548,599474909,0,Pass
549,599474940,0,Pass
550,599475144,0,Pass
551,599474985,0,Pass
552,599475143,0,Pass
553,599475159,0,Pass
554,601005773,0,Pass
555,601005776,0,Pass
556,601005775,0,Pass
557,601834074,0,Pass
558,601834075,0,Pass
559,601834076,0,Pass
560,599474903,0,Pass
561,599474995,0,Pass
562,599475147,0,Pass
563,599475066,0,Pass
564,599475132,0,Pass
565,599474849,0,Pass
566,599474819,0,Pass
567,599474793,0,Pass
568,599474916,0,Pass
569,601371070,0,Pass
570,601371071,0,Pass
571,601371084,0,Pass
572,601371076,0,Pass
573,601371072,0,Pass
574,601371082,0,Pass
575,601371083,0,Pass
576,601371074,0,Pass
577,600549160,0,Pass
578,600549159,0,Pass
579,599435693,0,Pass
580,601030576,0,Pass
581,601429442,0,Pass
582,601429443,0,Pass
583,599359184,0,Pass
584,600937155,0,Pass
585,596872567,0,Pass
586,601716243,0,Pass
587,601427729,0,Pass
588,600074858,0,Pass
589,601715405,0,Pass
590,601371080,0,Pass
591,599475161,0,Pass
592,601371073,0,Pass
593,601371085,0,Pass
594,599475000,0,Pass
595,599475192,0,Pass
596,599474791,0,Pass
597,599435688,0,Pass
598,600871942,0,Pass
599,600871940,0,Pass
600,600871941,0,Pass
601,600871943,0,Pass
602,600871944,0,Pass
603,600908616,0,Pass
604,600870346,0,Pass
605,601371078,0,Pass
606,602159148,0,Pass
607,602583648,0,Pass
608,602195543,0,Pass
609,602195542,0,Pass
610,602244370,0,Pass
611,600358135,0,Pass
612,600358137,0,Pass
613,602016476,0,Pass
614,602152860,0,Pass
615,602178140,0,Pass
616,602178141,0,Pass
617,602178142,0,Pass
618,602178143,0,Pass
619,602178144,0,Pass
620,602178145,0,Pass
621,602444325,0,Pass
622,602493697,0,Pass
623,602583650,0,Pass
624,602244369,0,Pass
625,603043685,0,Pass
626,603043686,0,Pass
627,603043684,0,Pass
628,603043687,0,Pass
629,603043688,0,Pass
630,603186007,0,Pass
631,603168192,0,Pass
632,603168190,0,Pass
633,603186002,0,Pass
634,603168177,0,Pass
635,603168186,0,Pass
636,603168182,0,Pass
637,603168181,0,Pass
638,603168180,0,Pass
639,603168178,0,Pass
640,603168179,0,Pass
641,603168183,0,Pass
642,603168184,0,Pass
643,603215112,0,Pass
644,603215113,0,Pass
645,601776373,0,Pass
646,601709211,0,Pass
647,603168188,0,Pass
648,603168189,0,Pass
649,603168200,0,Pass
650,603168185,0,Pass
651,603168176,0,Pass
652,603168193,0,Pass
653,603168199,0,Pass
654,603168198,0,Pass
655,603168197,0,Pass
656,603168196,0,Pass
657,603168195,0,Pass
658,603168194,0,Pass
659,603186013,0,Pass
660,603186009,0,Pass
661,603186004,0,Pass
662,603168187,0,Pass
663,603185999,0,Pass
664,603186000,0,Pass
665,603186012,0,Pass
666,603191208,0,Pass
667,603568351,0,Pass
668,602588797,0,Pass
669,603532304,0,Pass
670,603186014,0,Pass
671,603186011,0,Pass
672,603168191,0,Pass
673,603046178,0,Pass
674,602947856,0,Pass
675,603191211,0,Pass
676,600358125,0,Pass
677,600358131,0,Pass
678,600358133,0,Pass
679,603568349,0,Pass
680,603441331,0,Pass
681,604350290,0,Pass
682,604350289,0,Pass
683,601709210,0,Pass
684,604304795,0,Pass
685,603483993,0,Pass
686,603952699,0,Pass
687,603855675,0,Pass
688,604350291,0,Pass
689,604350286,0,Pass
690,604350288,0,Pass
691,604350287,0,Pass
692,604350284,0,Pass
693,604350285,0,Pass
694,604350282,0,Pass
695,604350283,0,Pass
696,603922034,0,Pass
697,603922031,0,Pass
698,604304797,0,Pass
699,604304798,0,Pass
700,603860366,0,Pass
701,603860363,0,Pass
702,603860362,0,Pass
703,603860360,0,Pass
704,603860365,0,Pass
705,605004941,0,Pass
706,605071282,0,Pass
707,603922033,0,Pass
708,603922032,0,Pass
709,605092261,0,Pass
710,605092259,0,Pass
711,603860368,0,Pass
712,604495615,0,Pass
713,604495616,0,Pass
714,604495613,0,Pass
715,604495614,0,Pass
716,603483992,0,Pass
717,604224531,0,Pass
718,604122405,0,Pass
719,605071281,0,Pass
720,604304796,0,Pass
721,603887497,0,Pass
722,603887498,0,Pass
723,605621473,1,Fail
724,605556661,0,Pass
725,604802990,0,Pass
726,604803637,0,Pass
727,604803638,0,Pass
728,604803639,0,Pass
729,605176561,0,Pass
730,605176559,0,Pass
731,605176562,0,Pass
732,605532307,0,Pass
733,605532304,0,Pass
734,605004942,0,Pass
735,605176558,0,Pass
736,605176557,0,Pass
737,605176555,0,Pass
738,605176563,0,Pass
739,605004932,0,Pass
740,605004933,0,Pass
741,605049764,0,Pass
742,605049765,0,Pass
743,605864850,1,Fail
744,605864851,1,Fail
745,603317241,0,Pass
746,605007611,0,Pass
747,605031508,0,Pass
748,605004937,0,Pass
749,605004938,0,Pass
750,605004939,0,Pass
751,605092260,0,Pass
752,605092262,0,Pass
753,605621471,0,Pass
754,605004934,0,Pass
755,605004936,0,Pass
756,605004944,0,Pass
757,605004945,0,Pass
758,605898548,0,Pass
759,605898549,0,Pass
760,604495617,0,Pass
761,605424417,0,Pass
762,605424418,0,Pass
763,605621466,0,Pass
764,605621469,0,Pass
765,606089890,0,Pass
766,606089889,0,Pass
767,606089888,0,Pass
768,606089887,0,Pass
769,606570484,0,Pass
770,606570485,0,Pass
771,606570483,0,Pass
772,606903229,0,Pass
773,606903230,0,Pass
774,605004946,0,Pass
775,605004935,0,Pass
776,605004940,0,Pass
777,605004943,0,Pass
778,605176560,0,Pass
779,605973103,0,Pass
780,606711677,0,Pass
781,606733782,0,Pass
782,603043689,0,Pass
783,606161245,0,Pass
784,606161246,0,Pass
785,605007612,0,Pass
786,606356283,0,Pass
787,606356282,0,Pass
788,606247832,0,Pass
789,603887499,0,Pass
790,605244829,0,Pass
791,606645794,0,Pass
792,606547947,0,Pass
793,606545743,0,Pass
794,606545742,0,Pass
795,606547950,0,Pass
796,606530659,0,Pass
797,606530660,0,Pass
798,606530661,0,Pass
799,606530662,0,Pass
800,607196898,0,Pass
801,603893817,0,Pass
802,603602762,0,Pass
803,607131829,0,Pass
804,607131828,0,Pass
805,607131826,0,Pass
806,603602761,0,Pass
807,607129497,0,Pass
808,607129496,0,Pass
809,603590883,0,Pass
810,607196896,0,Pass
811,607196897,0,Pass
812,607396783,0,Pass
813,607432538,1,Fail
814,607553791,0,Pass
815,607553789,0,Pass
816,607221045,0,Pass
817,607240449,0,Pass
818,607432541,0,Pass
819,607221044,0,Pass
820,607240448,0,Pass
821,607569160,1,Fail
822,607508994,0,Pass
823,607508988,0,Pass
824,607441156,0,Pass
825,607569159,0,Pass
826,607569456,0,Pass
827,607569457,0,Pass
828,607339337,0,Pass
829,607508980,0,Pass
830,607441154,0,Pass
831,607628874,0,Pass
832,607628871,0,Pass
833,607573228,0,Pass
834,607628873,0,Pass
835,608233515,0,Pass
836,607553790,0,Pass
837,607432533,0,Pass
838,607432534,0,Pass
839,607432535,0,Pass
840,607432536,0,Pass
841,607432532,0,Pass
842,607221037,0,Pass
843,607466648,0,Pass
844,607396782,0,Pass
845,607432540,0,Pass
846,607040091,0,Pass
847,607432539,0,Pass
848,608313329,0,Pass
849,608313343,0,Pass
850,607573225,0,Pass
851,608313340,0,Pass
852,607553788,0,Pass
853,606574028,0,Pass
854,606574030,0,Pass
855,606736792,0,Pass
856,606736793,0,Pass
857,607441155,0,Pass
858,607508992,0,Pass
859,607509005,0,Pass
860,607508991,0,Pass
862,607508990,0,Pass
863,607509003,0,Pass
864,607508989,0,Pass
865,607509002,0,Pass
866,607508993,0,Pass
867,607509006,0,Pass
868,607508986,0,Pass
869,607509000,0,Pass
870,607508985,0,Pass
871,607508999,0,Pass
872,607568922,0,Pass
873,607508979,0,Pass
874,607508995,0,Pass
875,607509007,0,Pass
876,607508998,0,Pass
877,607508984,0,Pass
878,607508983,0,Pass
879,607508997,0,Pass
880,607568921,0,Pass
881,607508982,0,Pass
882,607508996,0,Pass
883,607509008,0,Pass
884,607508978,0,Pass
885,607508987,0,Pass
886,607509001,0,Pass
887,607432530,0,Pass
888,607432531,0,Pass
889,607432537,0,Pass
890,608313336,0,Pass
891,607573222,0,Pass
892,608313335,0,Pass
893,608365875,0,Pass
894,608364997,0,Pass
895,608364996,0,Pass
896,607581515,0,Pass
897,607415714,0,Pass
898,607573226,0,Pass
899,607573231,0,Pass
900,607573227,0,Pass
902,605246606,0,Pass
903,608533500,0,Pass
904,608414274,0,Pass
905,608463226,0,Pass
906,608459978,0,Pass
907,608431722,0,Pass
908,608431724,0,Pass
909,608431727,0,Pass
910,608431728,0,Pass
911,608431725,0,Pass
912,608431726,0,Pass
913,608431721,0,Pass
914,608431723,0,Pass
915,608431719,0,Pass
916,608431720,0,Pass
917,608431717,0,Pass
918,608431718,0,Pass
919,608431714,0,Pass
920,608431716,0,Pass
921,608431712,0,Pass
922,608431713,0,Pass
923,608362096,0,Pass
924,608362097,0,Pass
925,608362094,0,Pass
926,608362095,0,Pass
927,607573230,0,Pass
928,608387075,0,Pass
929,607573223,0,Pass
930,607573229,0,Pass
931,608387074,0,Pass
932,608661929,0,Pass
933,608824655,0,Pass
934,608463227,0,Pass
935,608431715,0,Pass
936,608431729,0,Pass
937,608431730,0,Pass
938,608388684,0,Pass
939,608388685,0,Pass
940,608388686,0,Pass
941,608388682,0,Pass
942,608388683,0,Pass
943,608388679,0,Pass
944,608388680,0,Pass
945,608388681,0,Pass
946,608388678,0,Pass
947,608388673,0,Pass
948,608388674,0,Pass
949,608388675,0,Pass
950,608388671,0,Pass
951,608388668,0,Pass
952,608388669,0,Pass
953,608388670,0,Pass
954,608770087,0,Pass
955,608692940,0,Pass
956,608692941,0,Pass
957,608692938,0,Pass
958,608692939,0,Pass
959,608692944,0,Pass
960,609119315,0,Pass
961,608692943,0,Pass
962,609110460,0,Pass
963,608388672,0,Pass
964,608388676,0,Pass
965,608388677,0,Pass
966,608414735,0,Pass
967,608414736,0,Pass
968,608463228,0,Pass
969,608313330,0,Pass
970,609110459,0,Pass
971,609110461,0,Pass
972,609110462,0,Pass
973,607628870,0,Pass
974,608367305,0,Pass
975,608367304,0,Pass
976,608367302,0,Pass
977,608367301,0,Pass
978,608367303,0,Pass
979,608367300,0,Pass
980,608367299,0,Pass
981,608367298,0,Pass
982,607719934,0,Pass
983,607719935,0,Pass
984,607947054,0,Pass
985,607947055,0,Pass
986,607573224,0,Pass
987,609221402,0,Pass
988,609221403,0,Pass
989,609221401,0,Pass
990,609221408,0,Pass
991,609221409,0,Pass
992,609221405,0,Pass
993,609221407,0,Pass
994,609221420,0,Pass
995,609221422,0,Pass
996,609221423,0,Pass
997,609221424,0,Pass
998,609221417,0,Pass
999,609221425,0,Pass
1000,609221419,0,Pass
1001,609221412,0,Pass
1002,609221415,0,Pass
1003,609221414,0,Pass
1004,609221418,0,Pass
1005,609221416,0,Pass
1006,608692949,0,Pass
1007,608692942,0,Pass
1008,608692945,0,Pass
1009,609262873,0,Pass
1010,608692947,0,Pass
1011,609262872,0,Pass
1012,608692948,0,Pass
1013,608661930,1,Fail
1014,608854513,0,Pass
1015,609221410,0,Pass
1016,609262871,0,Pass
1017,609262868,0,Pass
1018,609145610,0,Pass
1019,609221399,0,Pass
1020,609262864,0,Pass
1021,609221396,0,Pass
1022,609221392,0,Pass
1023,609221394,0,Pass
1024,609262867,0,Pass
1025,609221398,0,Pass
1026,609221421,0,Pass
1027,609221393,0,Pass
1028,609221404,0,Pass
1029,609262870,0,Pass
1030,609262869,0,Pass
1031,607719931,0,Pass
1032,607719932,0,Pass
1033,607719936,0,Pass
1034,607719938,0,Pass
1035,609244229,0,Pass
1036,609244230,0,Pass
1037,609221411,0,Pass
1038,609221413,0,Pass
1039,609262866,0,Pass
1040,609262863,0,Pass
1041,609262860,0,Pass
1042,609262861,0,Pass
1043,609262862,0,Pass
1044,609262865,0,Pass
1045,609717676,0,Pass
1046,609717677,0,Pass
1047,609717693,0,Pass
1048,609717674,0,Pass
1049,609717675,0,Pass
1050,609717692,0,Pass
1051,609717664,0,Pass
1052,609717691,0,Pass
1053,609221397,0,Pass
1054,609221400,0,Pass
1055,608308534,0,Pass
1056,608308535,0,Pass
1057,609833740,0,Pass
1058,609221395,0,Pass
1059,609221406,0,Pass
1060,609717669,0,Pass
1061,609717665,0,Pass
1062,609717684,0,Pass
1063,609717686,0,Pass
1064,609717685,0,Pass
1065,609717690,0,Pass
1066,609717687,0,Pass
1067,609717688,0,Pass
1068,609717689,0,Pass
1069,609780067,0,Pass
1070,610068024,0,Pass
1071,610068021,0,Pass
1072,610068023,0,Pass
1073,610356646,0,Pass
1074,610068020,0,Pass
1075,610356647,0,Pass
1076,609804773,0,Pass
1077,609804782,0,Pass
1078,610068025,0,Pass
1079,609780068,0,Pass
1080,609717678,0,Pass
1081,609717680,0,Pass
1082,609717673,0,Pass
1083,609833742,0,Pass
1084,610356648,0,Pass
1085,610356649,0,Pass
1086,609717683,0,Pass
1087,610143618,0,Pass
1088,609717681,0,Pass
1089,609833741,0,Pass
1090,608692946,0,Pass
1091,609717666,0,Pass
1092,609717668,0,Pass
1093,608308536,0,Pass
1094,608308538,0,Pass
1095,608308539,0,Pass
1096,609890007,0,Pass
1097,609939859,0,Pass
1098,609939847,0,Pass
1099,609939851,0,Pass
1100,609939854,0,Pass
1101,610068022,0,Pass
1102,609890000,0,Pass
1103,609890003,1,Fail
1104,609804774,0,Pass
1105,609804775,0,Pass
1106,609890001,0,Pass
1107,609804778,0,Pass
1108,609804779,0,Pass
1109,609804771,0,Pass
1110,609804780,0,Pass
1111,609804772,0,Pass
1112,609804776,0,Pass
1113,610143631,0,Pass
1114,610143627,0,Pass
1115,610143629,0,Pass
1116,610143623,0,Pass
1117,610143625,0,Pass
1118,611250319,1,Fail
1119,610143633,0,Pass
1120,609717671,0,Pass
1121,609942095,0,Pass
1122,611328310,0,Pass
1123,611328311,0,Pass
1124,610812658,0,Pass
1125,610143616,0,Pass
1126,611328312,0,Pass
1127,611328313,0,Pass
1128,611328317,0,Pass
1129,611328315,0,Pass
1130,611335609,0,Pass
1131,608308543,0,Pass
1132,608308542,0,Pass
1133,608308540,0,Pass
1134,611328316,0,Pass
1135,609921981,0,Pass
1136,609060593,0,Pass
1137,609060594,0,Pass
1138,609388536,0,Pass
1139,609739882,0,Pass
1140,609921978,0,Pass
1141,608308541,0,Pass
1142,608308537,0,Pass
1143,609739881,0,Pass
1144,611440505,0,Pass
1145,611440507,0,Pass
1146,611440506,0,Pass
1147,611440509,0,Pass
1148,611440508,0,Pass
1149,611440511,0,Pass
1150,611440510,0,Pass
1151,611445497,0,Pass
1152,611440512,0,Pass
1153,610810536,0,Pass
1154,611227277,0,Pass
1155,610810537,0,Pass
1156,609593171,0,Pass
1157,609717667,0,Pass
1158,609717670,0,Pass
1159,609717672,0,Pass
1160,609717679,0,Pass
1161,609717682,0,Pass
1162,609804777,0,Pass
1163,609804781,0,Pass
1164,610143621,0,Pass
1165,610358299,0,Pass
1166,611328314,0,Pass
1167,611672494,0,Pass
1168,611672493,0,Pass
1169,610895219,0,Pass
1170,610661139,0,Pass
1171,610431988,0,Pass
1172,611810294,0,Pass
1173,611763037,0,Pass
1174,611763035,0,Pass
1175,611438819,0,Pass
1176,611763033,0,Pass
1177,610431987,0,Pass
1178,611279057,0,Pass
1179,609975837,0,Pass
1180,609793734,0,Pass
1181,609890002,0,Pass
1182,609890005,0,Pass
1183,612005914,0,Pass
1184,612138598,0,Pass
1185,612138597,0,Pass
1186,612138599,0,Pass
1187,611794042,1,Fail
1188,609890004,0,Pass
1189,611794040,0,Pass
1190,611794043,0,Pass
1191,611794041,0,Pass
1192,610143619,0,Pass
1193,612045086,0,Pass
1194,612045087,0,Pass
1195,612045088,0,Pass
1196,612254757,0,Pass
1197,612254754,0,Pass
1198,611921324,0,Pass
1199,611921322,0,Pass
1200,611921321,0,Pass
1201,612045089,0,Pass
1202,611993885,0,Pass
1203,611993886,0,Pass
1204,612138600,0,Pass
1205,612091037,0,Pass
1206,612091036,1,Fail
1207,611967789,0,Pass
1208,612091039,0,Pass
1209,612091040,0,Pass
1210,612550825,0,Pass
1211,612550820,0,Pass
1212,612550824,0,Pass
1213,612550846,1,Fail
1214,612550793,0,Pass
1215,612550795,0,Pass
1216,612550794,0,Pass
1217,612550799,0,Pass
1218,612550797,0,Pass
1219,612550806,0,Pass
1220,612550802,0,Pass
1221,612550801,0,Pass
1222,612550804,0,Pass
1223,612550805,0,Pass
1224,612550800,0,Pass
1225,612550808,0,Pass
1226,612550803,0,Pass
1227,612550807,0,Pass
1228,612091031,1,Fail
1229,612091034,0,Pass
1230,612091032,0,Pass
1231,612091030,0,Pass
1232,612091035,0,Pass
1233,612091041,0,Pass
1234,611967788,0,Pass
1235,612091038,0,Pass
1236,612550783,0,Pass
1237,612550845,0,Pass
1238,612550841,0,Pass
1239,612550838,0,Pass
1240,612550836,0,Pass
1241,612550830,0,Pass
1242,612550827,0,Pass
1243,612550832,0,Pass
1244,612550833,0,Pass
1245,612550844,0,Pass
1246,612554160,0,Pass
1247,612486295,0,Pass
1248,612550787,0,Pass
1249,612550789,0,Pass
1250,612550784,0,Pass
1251,612550788,0,Pass
1252,612550822,0,Pass
1253,612550821,0,Pass
1254,612550823,0,Pass
1255,612550819,0,Pass
1256,612550818,0,Pass
1257,612550843,0,Pass
1258,612550786,0,Pass
1259,612550785,0,Pass
1260,612550839,0,Pass
1261,612550837,0,Pass
1262,612550796,0,Pass
1263,612550790,0,Pass
1264,612550840,0,Pass
1265,612550842,0,Pass
1266,612550792,0,Pass
1267,612550798,0,Pass
1268,612550791,0,Pass
1269,612550835,0,Pass
1270,612554165,0,Pass
1271,612554164,0,Pass
1272,612550834,0,Pass
1273,612550828,0,Pass
1274,612550829,0,Pass
1275,612550831,0,Pass
1276,612550826,0,Pass
1277,612091033,0,Pass
1278,612752936,0,Pass
1279,612752937,0,Pass
1280,612752939,0,Pass
1281,612550813,0,Pass
1282,612752938,0,Pass
1283,612550812,0,Pass
1284,612550817,0,Pass
1285,612550811,0,Pass
1286,612550816,0,Pass
1287,612550814,0,Pass
1288,612550815,0,Pass
1289,612550809,0,Pass
1290,612550810,0,Pass
1291,612752928,0,Pass
1292,612752930,0,Pass
1293,612752929,0,Pass
1294,612752931,0,Pass
1295,612752927,0,Pass
1296,612752917,0,Pass
1297,612752940,0,Pass
1298,612752916,0,Pass
1299,612752911,0,Pass
1300,612752912,0,Pass
1301,612752909,0,Pass
1302,612752910,0,Pass
1303,612752924,0,Pass
1304,612880160,0,Pass
1305,613490017,0,Pass
1306,612880153,0,Pass
1307,613490014,0,Pass
1308,612880155,0,Pass
1309,612880154,0,Pass
1310,612880157,0,Pass
1311,612880156,0,Pass
1312,612880158,0,Pass
1313,612752923,0,Pass
1314,612752921,0,Pass
1315,612752922,1,Fail
1316,612752919,0,Pass
1317,612749685,0,Pass
1318,612752918,0,Pass
1319,612752932,0,Pass
1320,612752920,0,Pass
1321,612880159,0,Pass
1322,612858411,0,Pass
1323,612858409,0,Pass
1324,612858410,0,Pass
1325,609890006,0,Pass
1326,612880152,0,Pass
1327,612880150,0,Pass
1328,612880151,0,Pass
1329,612880149,0,Pass
1330,613175707,0,Pass
1331,612858408,0,Pass
1332,613175705,0,Pass
1333,613175706,0,Pass
1334,612670453,0,Pass
1335,612670454,0,Pass
1336,613525811,0,Pass
1337,613525812,0,Pass
1338,613525814,0,Pass
1339,611780638,0,Pass
1340,612695770,0,Pass
1341,612695768,0,Pass
1342,612695772,0,Pass
1343,612752925,0,Pass
1344,612752915,0,Pass
1345,613345371,0,Pass
1346,613752934,0,Pass
1347,613752935,0,Pass
1348,613752936,0,Pass
1349,612752914,0,Pass
1350,612752913,0,Pass
1351,612752934,0,Pass
1352,612752933,0,Pass
1353,613421044,0,Pass
1354,613505119,0,Pass
1355,613421045,0,Pass
1356,613484127,0,Pass
1357,613614060,0,Pass
1358,612752926,0,Pass
1359,613639010,0,Pass
1360,613614062,0,Pass
1361,613639008,0,Pass
1362,613490015,0,Pass
1363,613490016,0,Pass
1364,613639009,0,Pass
1365,613639011,0,Pass
1366,613340538,1,Fail
1367,613484129,0,Pass
1368,613459978,0,Pass
1369,613613097,0,Pass
1370,611279058,0,Pass
1371,613339035,0,Pass
1372,613339037,0,Pass
1373,613525813,0,Pass
1374,614511351,0,Pass
1375,613339036,0,Pass
1376,613828423,0,Pass
1377,613828424,0,Pass
1378,613828425,0,Pass
1379,613828418,0,Pass
1380,613828419,0,Pass
1381,613828422,0,Pass
1382,614636104,0,Pass
1383,613828435,0,Pass
1384,613828434,0,Pass
1385,613828437,0,Pass
1386,613828436,0,Pass
1387,613828432,0,Pass
1388,613849124,0,Pass
1389,613849119,0,Pass
1390,613828420,0,Pass
1391,613849122,0,Pass
1392,613828431,0,Pass
1393,613828430,0,Pass
1394,613828428,0,Pass
1395,613828421,0,Pass
1396,613828427,0,Pass
1397,613828433,0,Pass
1398,614849311,0,Pass
1399,613828429,0,Pass
1400,614041453,0,Pass
1401,614041454,0,Pass
1402,613828426,0,Pass
1403,613525809,0,Pass
1404,613882942,0,Pass
1405,613525810,0,Pass
1406,613882945,0,Pass
1407,613882947,0,Pass
1408,612670455,0,Pass
1409,613882949,0,Pass
1410,611916738,0,Pass
1411,614849313,0,Pass
1412,614849312,0,Pass
1413,614339002,0,Pass
1414,614673123,0,Pass
1415,614673122,0,Pass
1416,614673121,0,Pass
1417,612086916,0,Pass
1418,615135537,0,Pass
1419,615135538,0,Pass
1420,615135539,0,Pass
1421,615135541,0,Pass
1422,615135542,0,Pass
1423,615135543,0,Pass
1424,615135544,0,Pass
1425,615135545,0,Pass
1426,615135540,0,Pass
1427,614766197,0,Pass
1428,614766199,0,Pass
1429,615872023,0,Pass
1430,615872024,0,Pass
1431,615872025,0,Pass
1432,615872026,0,Pass
1433,615872027,0,Pass
1434,615872028,0,Pass
1435,615872030,0,Pass
1436,615872038,0,Pass
1437,615872037,0,Pass
1438,615872036,0,Pass
1439,615872035,0,Pass
1440,615872034,0,Pass
1441,615872033,0,Pass
1442,615872032,0,Pass
1443,615872031,0,Pass
1444,615928162,0,Pass
1445,616069780,0,Pass
1446,616026404,0,Pass
1447,616093145,0,Pass
1448,616026403,1,Fail
1449,615731143,0,Pass
1450,615731144,0,Pass
1451,612752935,0,Pass
1452,615655932,0,Pass
1453,616026405,1,Fail
1454,616026406,0,Pass
1455,615872029,0,Pass
1456,616714029,0,Pass
1457,616714044,0,Pass
1458,616843012,0,Pass
1459,616843010,0,Pass
1460,616433976,0,Pass
1461,616175573,0,Pass
1462,615872018,0,Pass
1463,615253613,0,Pass
1464,616641053,0,Pass
1465,616185820,0,Pass
1466,616641052,0,Pass
1467,616184963,1,Fail
1468,616185819,0,Pass
1469,616571165,0,Pass
1470,616571163,0,Pass
1471,616571158,0,Pass
1472,616571161,0,Pass
1473,615872022,0,Pass
1474,615872021,0,Pass
1475,615872019,0,Pass
1476,615872020,0,Pass
1477,615872017,0,Pass
1478,616641054,0,Pass
1479,615947077,0,Pass
1480,615947078,0,Pass
1481,615947079,0,Pass
1482,615947081,0,Pass
1483,615947080,0,Pass
1484,616706346,0,Pass
1485,616714036,0,Pass
1486,616714038,0,Pass
1487,616714037,0,Pass
1488,616714034,0,Pass
1489,616714042,0,Pass
1490,616714040,0,Pass
1491,616714030,0,Pass
1492,616714027,0,Pass
1493,616714032,1,Fail
1494,616571162,0,Pass
1495,616571164,0,Pass
1496,616571166,0,Pass
1497,616641055,0,Pass
1498,616706341,0,Pass
1499,616955036,0,Pass
1500,616955038,0,Pass
1501,616954945,0,Pass
1502,616955042,0,Pass
1503,616955040,0,Pass
1504,617109577,0,Pass
1505,616955034,0,Pass
1506,616184964,0,Pass
1507,616954952,0,Pass
1508,616954958,0,Pass
1509,616954954,0,Pass
1510,616954960,0,Pass
1511,616954943,0,Pass
1512,616954941,0,Pass
1513,616954939,0,Pass
1514,616955030,0,Pass
1515,616955028,0,Pass
1516,616954935,0,Pass
1517,616433975,0,Pass
1518,616706345,0,Pass
1519,616706347,0,Pass
1520,616714046,0,Pass
1521,616571156,0,Pass
1522,616714048,0,Pass
1523,616571157,0,Pass
1524,616722298,0,Pass
1525,616843011,0,Pass
1526,616571159,0,Pass
1527,616571160,0,Pass
1528,616954903,0,Pass
1529,616954907,0,Pass
1530,616954972,0,Pass
1531,616954915,0,Pass
1532,616954930,0,Pass
1533,616954929,0,Pass
1534,616954932,0,Pass
1535,616955044,0,Pass
1536,616954978,0,Pass
1537,616954976,0,Pass
1538,616955054,0,Pass
1539,616955056,0,Pass
1540,616955058,0,Pass
1541,616955060,0,Pass
1542,616954980,0,Pass
1543,616954982,0,Pass
1544,616954984,0,Pass
1545,616955052,0,Pass
1546,616954896,0,Pass
1547,616954888,0,Pass
1548,616954890,0,Pass
1549,616954886,0,Pass
1550,616954892,0,Pass
1551,616954894,0,Pass
1552,616955050,0,Pass
1553,616954970,0,Pass
1554,616954968,0,Pass
1555,616954964,0,Pass
1556,616954902,0,Pass
1557,616955032,0,Pass
1558,616954950,0,Pass
1559,616954925,0,Pass
1560,616954922,0,Pass
1561,616954924,0,Pass
1562,616954921,0,Pass
1563,616954920,1,Fail
1564,616954919,0,Pass
1565,616954918,0,Pass
1566,616954916,0,Pass
1567,616571155,0,Pass
1568,616954948,0,Pass
1569,616954974,0,Pass
1570,616954909,0,Pass
1571,616954914,0,Pass
1572,616954966,0,Pass
1573,616954900,0,Pass
1574,616954928,0,Pass
1575,616954956,0,Pass
1576,616955048,0,Pass
1577,616955046,0,Pass
1578,616954905,0,Pass
1579,616955022,0,Pass
1580,616955024,0,Pass
1581,616955007,0,Pass
1582,616955017,0,Pass
1583,616955013,0,Pass
1584,616955011,0,Pass
1585,616955015,0,Pass
1586,616954927,0,Pass
1587,617449901,0,Pass
1588,617449900,0,Pass
1589,617449903,0,Pass
1590,617449902,0,Pass
1591,617449905,0,Pass
1592,617449904,0,Pass
1593,617449894,0,Pass
1594,617449897,0,Pass
1595,617449896,0,Pass
1596,617504552,0,Pass
1597,616954897,0,Pass
1598,617449899,0,Pass
1599,616955019,0,Pass
1600,617266960,0,Pass
1601,617266959,0,Pass
1602,617266958,0,Pass
1603,617449908,0,Pass
1604,616955027,0,Pass
1605,616955020,0,Pass
1606,617103344,0,Pass
1607,617911477,0,Pass
1608,617411803,0,Pass
1609,617411807,0,Pass
1610,617795888,0,Pass
1611,617408190,1,Fail
1612,617795889,0,Pass
1613,617974912,0,Pass
1614,617411809,0,Pass
1615,617411812,0,Pass
1616,617777043,0,Pass
1617,616954962,0,Pass
1618,616955005,0,Pass
1619,616954996,0,Pass
1620,616954998,0,Pass
1621,616955002,0,Pass
1622,616955009,0,Pass
1623,617974913,0,Pass
1624,617974914,0,Pass
1625,617411819,0,Pass
1626,617994741,0,Pass
1627,617411821,0,Pass
1628,617411823,0,Pass
1629,617411824,0,Pass
1630,617411829,0,Pass
1631,617411831,0,Pass
1632,617411832,0,Pass
1633,617411820,0,Pass
1634,618094025,0,Pass
1635,618094027,0,Pass
1636,618094026,0,Pass
1637,616954947,0,Pass
1638,616954986,0,Pass
1639,616954990,0,Pass
1640,616954988,0,Pass
1641,616954994,0,Pass
1642,617411817,0,Pass
1643,617449907,0,Pass
1644,617504555,0,Pass
1645,617974915,0,Pass
1646,617974908,0,Pass
1647,617974909,0,Pass
1648,617627336,0,Pass
1649,617974911,0,Pass
1650,617974916,0,Pass
1651,617411801,0,Pass
1652,617411816,0,Pass
1653,617411815,0,Pass
1654,617411814,0,Pass
1655,616954992,0,Pass
1656,617411805,0,Pass
1657,617411827,0,Pass
1658,617411833,0,Pass
1659,617411834,0,Pass
1660,617449895,0,Pass
1661,618233487,0,Pass
1662,618233486,0,Pass
1663,617411836,0,Pass
1664,617411838,0,Pass
1665,617555534,0,Pass
1666,617555535,0,Pass
1667,617555536,0,Pass
1668,618138833,0,Pass
1669,618372690,0,Pass
1670,618441599,0,Pass
1671,618478769,0,Pass
1672,618661191,0,Pass
1673,618661192,0,Pass
1674,618661193,0,Pass
1675,618441598,0,Pass
1676,616714025,0,Pass
1677,618827368,0,Pass
1678,618827371,0,Pass
1679,618672386,0,Pass
1680,618851621,0,Pass
1681,619090294,0,Pass
1682,619090295,0,Pass
1683,619090296,0,Pass
1684,619090297,0,Pass
1685,618839762,0,Pass
1686,618851619,0,Pass
1687,618851620,0,Pass
1688,618851623,0,Pass
1689,619311452,0,Pass
1690,618441600,0,Pass
1691,618674178,0,Pass
1692,618674175,0,Pass
1693,618332726,0,Pass
1694,618332723,0,Pass
1695,618332724,0,Pass
1696,618332725,0,Pass
1697,618674176,0,Pass
1698,618674177,0,Pass
1699,618332721,0,Pass
1700,619986365,0,Pass
1701,619986366,0,Pass
1702,619986367,0,Pass
1703,619986368,0,Pass
1704,619986369,0,Pass
1705,619986370,0,Pass
1706,618908274,0,Pass
1707,620010423,0,Pass
1708,619731696,0,Pass
1709,619002820,0,Pass
1710,619548755,0,Pass
1711,619729184,0,Pass
1712,619729185,0,Pass
1713,619334860,0,Pass
1714,619411051,0,Pass
1715,618839763,0,Pass
1716,619677559,0,Pass
1717,618851626,0,Pass
1718,616714021,0,Pass
1719,616714023,0,Pass
1720,618827370,0,Pass
1721,618839761,0,Pass
1722,618839764,0,Pass
1723,618851622,0,Pass
1724,618908276,0,Pass
1725,618908277,0,Pass
1726,618908279,0,Pass
1727,619311449,0,Pass
1728,619311450,0,Pass
1729,619311451,0,Pass
1730,616059362,0,Pass
1731,616059363,0,Pass
1732,619936965,0,Pass
1733,619936966,0,Pass
1734,619936967,0,Pass
1735,619936968,0,Pass
1736,619936969,0,Pass
1737,619936971,0,Pass
1738,619936974,0,Pass
1739,619936977,0,Pass
1740,619936975,0,Pass
1741,619936980,0,Pass
1742,619936979,0,Pass
1743,619873776,0,Pass
1744,619529847,0,Pass
1745,619936981,0,Pass
1746,619936978,1,Fail
1747,619936976,1,Fail
1748,619936982,0,Pass
1749,619936984,0,Pass
1750,619936983,0,Pass
1751,619936992,0,Pass
1752,619936994,0,Pass
1753,619936986,0,Pass
1754,619936990,0,Pass
1755,619936989,0,Pass
1756,619936987,0,Pass
1757,619936993,0,Pass
1758,619936991,0,Pass
1759,619936995,0,Pass
1760,619936988,0,Pass
1761,619936985,0,Pass
1762,617411799,0,Pass
1763,619936996,0,Pass
1764,619936997,0,Pass
1765,619936998,0,Pass
1766,619936999,0,Pass
1767,619937000,0,Pass
1768,619937002,0,Pass
1769,619937001,0,Pass
1770,620307347,0,Pass
1771,620307345,0,Pass
1772,620307344,0,Pass
1773,620307346,0,Pass
1774,617411810,0,Pass
1775,620179611,0,Pass
1776,620179612,0,Pass
1777,620179608,0,Pass
1778,620292162,0,Pass
1779,620179609,0,Pass
1780,619334906,1,Fail
1781,620179610,0,Pass
1782,619599566,0,Pass
1783,619599568,0,Pass
1784,619599570,0,Pass
1785,619002821,0,Pass
1786,618332722,0,Pass
1787,620292161,0,Pass
1788,618868240,1,Fail
1789,620505883,0,Pass
1790,620505882,0,Pass
1791,620505878,0,Pass
1792,620505881,0,Pass
1793,620505880,0,Pass
1794,620505877,0,Pass
1795,620505876,0,Pass
1796,620505879,0,Pass
1797,620307341,0,Pass
1798,620307342,0,Pass
1799,618851625,0,Pass
1800,618851624,0,Pass
1801,619937003,0,Pass
1802,620642429,0,Pass
1803,620642430,0,Pass
1804,620642431,0,Pass
1805,620642432,0,Pass
1806,617974910,0,Pass
1807,620505867,0,Pass
1808,620307343,0,Pass
1809,620307339,0,Pass
1811,620307337,0,Pass
1812,620307336,0,Pass
1813,621154792,0,Pass
1814,621154764,0,Pass
1815,621154768,0,Pass
1816,621154777,0,Pass
1818,621154788,0,Pass
1819,621154780,0,Pass
1820,621154794,0,Pass
1821,621154766,0,Pass
1822,621154772,0,Pass
1824,621154798,0,Pass
1825,621154796,0,Pass
1826,620505885,0,Pass
1827,619124147,0,Pass
1828,618138834,0,Pass
1829,621154785,0,Pass
1830,621154775,0,Pass
1834,620307338,0,Pass
1835,620226893,0,Pass
1836,620226892,0,Pass
1837,620226891,0,Pass
1838,620226887,0,Pass
1839,620226885,0,Pass
1840,620226884,0,Pass
1841,620662678,0,Pass
1842,620226896,0,Pass
1843,620226895,0,Pass
1844,620505884,0,Pass
1845,620505887,0,Pass
1846,620505886,0,Pass
1847,620505888,0,Pass
1848,620505860,0,Pass
1849,620505869,0,Pass
1850,620505868,0,Pass
1851,620505870,0,Pass
1852,618868239,0,Pass
1853,619574530,0,Pass
1854,619574531,0,Pass
1855,619574532,0,Pass
1856,618253625,0,Pass
1857,620292164,0,Pass
1858,620292163,0,Pass
1859,620292165,0,Pass
1860,620374741,0,Pass
1861,620707900,0,Pass
1862,620707901,0,Pass
1863,621154805,0,Pass
1864,620581287,0,Pass
1865,620261761,0,Pass
1866,620226894,0,Pass
1867,620275138,0,Pass
1868,620184377,0,Pass
1869,620184378,0,Pass
1870,620659180,0,Pass
1871,620226888,0,Pass
1872,620226883,0,Pass
1873,620226886,0,Pass
1874,620659179,0,Pass
1875,620976322,0,Pass
1876,619416257,0,Pass
1877,620324140,0,Pass
1878,620405514,0,Pass
1879,620505863,0,Pass
1880,620505875,0,Pass
1881,619002822,0,Pass
1882,620505873,0,Pass
1883,620505874,0,Pass
1884,621154786,0,Pass
1885,621690895,0,Pass
1886,621550841,0,Pass
1887,621550853,0,Pass
1888,621550876,0,Pass
1889,621550912,0,Pass
1890,618253626,0,Pass
1891,621550865,0,Pass
1892,621550835,0,Pass
1893,621550847,0,Pass
1894,621550870,0,Pass
1895,621550882,0,Pass
1896,621550896,0,Pass
1897,621550828,0,Pass
1898,621683696,0,Pass
1899,621692802,1,Fail
1900,617449906,0,Pass
1901,617449898,0,Pass
1902,621154802,0,Pass
1903,621535272,0,Pass
1904,620505861,0,Pass
1905,620505872,0,Pass
1906,620505871,0,Pass
1907,620505862,0,Pass
1908,620505865,0,Pass
1909,621535273,0,Pass
1910,620750709,0,Pass
1911,619334905,0,Pass
1912,620666337,0,Pass
1913,620707898,0,Pass
1914,621535274,0,Pass
1915,620226889,0,Pass
1916,620226890,0,Pass
1917,621154803,0,Pass
1918,620275139,0,Pass
1919,620581288,0,Pass
1920,620307340,0,Pass
1921,621683704,0,Pass
1922,621683697,0,Pass
1923,621683698,0,Pass
1924,621683699,0,Pass
1925,621683700,0,Pass
1926,621683701,0,Pass
1927,621683702,0,Pass
1928,621863630,0,Pass
1929,621683703,0,Pass
1930,621154804,0,Pass
1931,621550889,1,Fail
1932,620505866,0,Pass
1933,620505864,0,Pass
1934,620437939,0,Pass
1935,620878958,0,Pass
1936,620878960,0,Pass
1937,622389586,0,Pass
1938,622741474,0,Pass
1939,622741477,0,Pass
1940,622750397,0,Pass
1941,622750398,0,Pass
1942,622556395,0,Pass
1943,620191404,0,Pass
1944,623419135,0,Pass
1945,623419138,0,Pass
1946,622293586,0,Pass
1947,620714867,0,Pass
1948,622389584,0,Pass
1949,623513502,0,Pass
1950,623513500,0,Pass
1951,623419131,0,Pass
1952,623419134,0,Pass
1953,623419136,0,Pass
1954,622293585,0,Pass
1955,622293587,0,Pass
1956,622954739,0,Pass
1957,622293582,0,Pass
1958,622293584,0,Pass
1959,622293576,0,Pass
1960,621535271,1,Fail
1961,620707899,0,Pass
1962,622293580,0,Pass
1963,622293577,0,Pass
1964,622750399,0,Pass
1965,623513498,0,Pass
1966,623513501,0,Pass
1967,623513499,0,Pass
1968,622389582,0,Pass
1969,619554489,1,Fail
1970,619554486,1,Fail
1971,619554488,1,Fail
1972,623559076,1,Fail
1973,623631282,0,Pass
1974,623541361,0,Pass
1975,623034934,0,Pass
1976,623034933,0,Pass
1977,623034932,0,Pass
1978,623034931,0,Pass
1979,623034935,0,Pass
1980,623034936,0,Pass
1981,623034937,0,Pass
1982,623034938,0,Pass
1983,623034939,0,Pass
1984,623034940,0,Pass
1985,623034942,0,Pass
1986,623034941,0,Pass
1987,623573288,0,Pass
1988,623573290,0,Pass
1989,623687798,0,Pass
1990,623687799,0,Pass
1991,623515398,0,Pass
1992,623527313,0,Pass
1993,623541359,0,Pass
1994,623541360,0,Pass
1995,623541362,0,Pass
1996,622954738,0,Pass
1997,623419133,0,Pass
1998,623667920,0,Pass
1999,623419132,0,Pass
2000,622954736,1,Fail
2001,622668406,1,Fail
2002,622668407,1,Fail
2003,623014676,0,Pass
2004,621863631,0,Pass
2005,623114537,0,Pass
2006,624007416,0,Pass
2007,624064943,0,Pass
2008,624064942,0,Pass
2009,623573287,0,Pass
2010,623573289,0,Pass
2011,623687800,0,Pass
2012,624211564,0,Pass
2013,623429900,0,Pass
2014,623014677,0,Pass
2015,623014678,0,Pass
2016,623541363,0,Pass
2017,623014675,0,Pass
2018,620662679,0,Pass
2019,622954737,0,Pass
2020,623419137,0,Pass
2021,623667921,0,Pass
2022,623667923,0,Pass
2023,624044987,0,Pass
2024,623667922,0,Pass
2025,624797762,0,Pass
2026,624797761,0,Pass
2027,624797760,0,Pass
2028,624797759,0,Pass
2029,624797758,0,Pass
2030,624207537,0,Pass
2031,624207538,0,Pass
2032,624343426,0,Pass
2033,623937135,0,Pass
2034,623937132,0,Pass
2035,624797763,0,Pass
2036,623036012,0,Pass
2037,624384316,0,Pass
2038,624384317,0,Pass
2039,624384318,0,Pass
2040,623036001,0,Pass
2041,623036007,0,Pass
2042,623035996,0,Pass
2043,625306194,0,Pass
2044,625306191,0,Pass
2045,624384319,0,Pass
2046,624384315,1,Fail
2047,624384327,1,Fail
2048,624384326,0,Pass
2049,624384325,1,Fail
2050,624384324,0,Pass
2051,624384323,1,Fail
2052,624384322,1,Fail
2053,624384321,1,Fail
2054,624384320,1,Fail
2055,625201509,0,Pass
2056,625201510,0,Pass
2057,625306195,0,Pass
2058,622293583,0,Pass
2059,623937130,0,Pass
2060,623937137,0,Pass
2061,623937138,0,Pass
2062,621934956,0,Pass
2063,621934957,0,Pass
2064,623518437,0,Pass
2065,623937140,0,Pass
2066,623937129,0,Pass
2067,624797755,0,Pass
2068,624797754,0,Pass
2069,624797756,0,Pass
2070,623937127,0,Pass
2071,624797757,0,Pass
2072,625477454,0,Pass
2073,625477453,0,Pass
2074,625477455,0,Pass
2075,623937133,0,Pass
2076,623937139,0,Pass
2077,625128403,0,Pass
2078,623937136,0,Pass
2079,624384304,1,Fail
2080,624384301,1,Fail
2081,624384303,1,Fail
2082,624384300,1,Fail
2083,624384305,0,Pass
2084,624384302,0,Pass
2085,624384307,0,Pass
2086,624384306,0,Pass
2087,625306193,0,Pass
2088,625306192,0,Pass
2089,622293579,0,Pass
2090,622293578,0,Pass
2091,622293581,0,Pass
2092,624384309,0,Pass
2093,624384310,0,Pass
2094,624384311,0,Pass
2095,624384312,0,Pass
2096,624384313,0,Pass
2097,624384314,0,Pass
2098,624384328,0,Pass
2099,624979489,0,Pass
2100,624990578,0,Pass
2101,624990579,0,Pass
2102,623523187,0,Pass
2103,620831170,0,Pass
2104,625902150,0,Pass
2105,624384335,0,Pass
2106,624384336,0,Pass
2107,624384329,0,Pass
2108,624384330,0,Pass
2109,624384331,0,Pass
2110,624384332,0,Pass
2111,624384333,0,Pass
2112,624384334,0,Pass
2113,624384341,0,Pass
2114,624384342,0,Pass
2115,624384344,0,Pass
2116,625902208,0,Pass
2117,624384347,0,Pass
2118,624384348,0,Pass
2119,624384349,0,Pass
2120,624384350,0,Pass
2121,624384351,0,Pass
2122,624384343,0,Pass
2123,624384345,0,Pass
2124,625020301,0,Pass
2125,625902205,0,Pass
2126,625902207,0,Pass
2127,624384346,0,Pass
2128,625020305,0,Pass
2129,624384337,0,Pass
2130,624384338,0,Pass
2131,624384339,0,Pass
2132,624384340,0,Pass
2133,624384308,0,Pass
2134,625020306,0,Pass
2135,625020307,0,Pass
2136,625021828,0,Pass
2137,625902146,0,Pass
2138,625902206,0,Pass
2139,625020303,0,Pass
2140,625902162,0,Pass
2141,619064455,0,Pass
2142,625306186,0,Pass
2143,625306187,0,Pass
2144,625306188,0,Pass
2145,625306189,0,Pass
2146,625306190,0,Pass
2147,625902140,0,Pass
2148,625902152,0,Pass
2149,625902148,0,Pass
2150,625902149,0,Pass
2151,625902141,0,Pass
2152,625902153,0,Pass
2153,625902139,0,Pass
2154,625902151,0,Pass
2155,625902129,0,Pass
2156,625902132,0,Pass
2157,625902130,0,Pass
2158,625902131,0,Pass
2159,625902192,0,Pass
2160,625902193,0,Pass
2161,625902194,0,Pass
2162,625902196,0,Pass
2163,625902197,0,Pass
2164,625902142,0,Pass
2165,625902143,0,Pass
2166,625902147,0,Pass
2167,625902138,0,Pass
2168,625902123,0,Pass
2169,625902121,0,Pass
2170,625902124,0,Pass
2171,625902125,0,Pass
2172,625902126,0,Pass
2173,625902127,0,Pass
2174,625902128,0,Pass
2175,623937131,0,Pass
2176,623937128,0,Pass
2177,623937134,0,Pass
2178,625837747,0,Pass
2179,625837751,0,Pass
2180,625900174,0,Pass
2181,626118967,0,Pass
2182,626118968,0,Pass
2183,626118969,0,Pass
2184,626118970,0,Pass
2185,619064457,0,Pass
2186,625902134,0,Pass
2187,625902135,0,Pass
2188,625902136,0,Pass
2189,625902155,0,Pass
2190,625902145,0,Pass
2191,625902137,0,Pass
2192,625902154,0,Pass
2193,625902159,0,Pass
2194,625902156,0,Pass
2195,625902144,0,Pass
2196,625902158,0,Pass
2197,625902157,0,Pass
2198,626045481,0,Pass
2199,626294344,0,Pass
2200,626306459,0,Pass
2201,625731738,0,Pass
2202,626045480,0,Pass
2203,625731755,0,Pass
2204,625731757,0,Pass
2205,626492072,0,Pass
2206,626492074,0,Pass
2207,625731749,0,Pass
2208,625731756,0,Pass
2209,625900177,0,Pass
2210,625731737,0,Pass
2211,625731735,0,Pass
2212,625731753,0,Pass
2213,626462576,0,Pass
2214,625731736,0,Pass
2215,625731754,0,Pass
2216,625731743,0,Pass
2217,625731742,0,Pass
2218,625731741,0,Pass
2219,625731740,0,Pass
2220,626045479,0,Pass
2221,625731748,0,Pass
2222,625731745,0,Pass
2223,625731744,0,Pass
2224,625731752,0,Pass
2225,625999606,0,Pass
2226,626387850,0,Pass
2227,626462577,0,Pass
2228,626395408,0,Pass
2229,625731739,0,Pass
2230,626462580,0,Pass
2231,626045482,0,Pass
2232,626462583,0,Pass
2233,626462581,0,Pass
2234,626978658,0,Pass
2235,626978660,0,Pass
2236,626978663,0,Pass
2237,625999609,0,Pass
2238,626462584,0,Pass
2239,626462585,0,Pass
2240,626462582,0,Pass
2241,626462578,0,Pass
2242,625902133,0,Pass
2243,622707877,1,Fail
2244,624599451,0,Pass
2245,620948101,1,Fail
2246,625999607,0,Pass
2247,627260160,0,Pass
2248,625020302,0,Pass
2249,626045483,0,Pass
2250,626045484,0,Pass
2251,625902191,0,Pass
2252,625902190,0,Pass
2253,625902199,0,Pass
2254,625902200,0,Pass
2255,625902201,0,Pass
2256,625902204,0,Pass
2257,625837749,0,Pass
2258,625837753,0,Pass
2259,625902160,0,Pass
2260,625902180,0,Pass
2261,625731750,0,Pass
2262,625731746,0,Pass
2263,625731747,0,Pass
2264,625731751,0,Pass
2265,625902188,0,Pass
2266,627866126,0,Pass
2267,627866127,0,Pass
2268,627866128,0,Pass
2269,627866121,0,Pass
2270,627866125,0,Pass
2271,627866129,0,Pass
2272,627866120,0,Pass
2273,627866124,0,Pass
2274,627866123,0,Pass
2275,626897918,0,Pass
2276,627866122,0,Pass
2277,627681811,0,Pass
2278,627621077,0,Pass
2279,625999605,0,Pass
2280,625999608,0,Pass
2281,627621075,0,Pass
2282,627785268,0,Pass
2283,627754751,0,Pass
2284,627754752,0,Pass
2285,627754749,0,Pass
2286,625902198,0,Pass
2287,626897916,0,Pass
2288,627556624,0,Pass
2289,626897917,0,Pass
2290,627905010,0,Pass
2291,627556625,0,Pass
2292,627913717,0,Pass
2293,627902252,0,Pass
2294,626387849,0,Pass
2295,626395407,0,Pass
2296,626395409,0,Pass
2297,627621079,0,Pass
2298,627621084,0,Pass
2299,627905009,0,Pass
2300,625999610,0,Pass
2301,626978662,0,Pass
2302,626492073,0,Pass
2303,625902179,0,Pass
2304,625902161,0,Pass
2305,625902122,0,Pass
2306,627621087,0,Pass
2307,627621093,0,Pass
2308,627621100,0,Pass
2309,625999604,0,Pass
2310,624475833,0,Pass
2311,624198053,0,Pass
2312,628186371,0,Pass
2313,628186370,0,Pass
2314,628061485,0,Pass
2315,628061489,0,Pass
2316,628061491,0,Pass
2317,628061494,0,Pass
2318,628104251,0,Pass
2319,624603403,0,Pass
2320,624603405,0,Pass
2321,624603404,0,Pass
2322,624603406,0,Pass
2323,624603408,0,Pass
2324,624603407,0,Pass
2325,624603411,0,Pass
2326,624603410,0,Pass
2327,628104252,0,Pass
2328,627902250,0,Pass
2329,627902253,0,Pass
2330,624603409,0,Pass
2331,628061493,0,Pass
2332,625999603,0,Pass
2333,625999602,0,Pass
2334,626462575,0,Pass
2335,628061473,0,Pass
2336,628061478,0,Pass
2337,628061486,0,Pass
2338,628061487,0,Pass
2339,628061490,0,Pass
2340,628061492,0,Pass
2341,628061495,0,Pass
2342,628061484,0,Pass
2343,628061496,0,Pass
2344,628478668,0,Pass
2345,628478669,0,Pass
2346,628478671,0,Pass
2347,628478670,0,Pass
2348,628478672,0,Pass
2349,628478651,0,Pass
2350,628478653,0,Pass
2351,628478652,0,Pass
2352,628478654,0,Pass
2353,628478657,0,Pass
2354,628478656,0,Pass
2355,628478658,0,Pass
2356,627785267,0,Pass
2357,628478646,0,Pass
2358,628478649,0,Pass
2359,628478650,0,Pass
2360,628478648,0,Pass
2361,628061467,0,Pass
2362,628478665,0,Pass
2363,628478666,0,Pass
2364,628478667,0,Pass
2365,628478655,0,Pass
2366,628478664,0,Pass
2367,627902251,0,Pass
2368,628478659,0,Pass
2369,628478678,0,Pass
2370,628478676,0,Pass
2371,628478681,0,Pass
2372,628478679,0,Pass
2373,628478677,0,Pass
2374,628478675,0,Pass
2375,628478661,0,Pass
2376,628478660,0,Pass
2377,628478663,0,Pass
2378,628478683,0,Pass
2379,628478684,0,Pass
2380,628478686,0,Pass
2381,628478685,0,Pass
2382,628478687,0,Pass
2383,628478688,0,Pass
2384,628474846,0,Pass
2385,628478662,0,Pass
2386,628488964,0,Pass
2387,628172146,0,Pass
2388,628488965,0,Pass
2389,628474845,0,Pass
2390,628172145,0,Pass
2391,628172833,0,Pass
2392,627851495,0,Pass
2393,627754750,0,Pass
2394,628034336,0,Pass
2395,628478673,0,Pass
2396,628478674,0,Pass
2397,628478682,0,Pass
2398,628478680,0,Pass
2399,628478764,0,Pass
2400,628478762,0,Pass
2401,628478760,0,Pass
2402,628478758,0,Pass
2403,628478763,0,Pass
2404,628478761,0,Pass
2405,628478759,0,Pass
2406,628478757,0,Pass
2407,628478720,0,Pass
2408,628478722,0,Pass
2409,628478724,0,Pass
2410,628478726,0,Pass
2411,628478728,0,Pass
2412,628478765,0,Pass
2413,628897896,0,Pass
2414,628478721,0,Pass
2415,628478723,0,Pass
2416,628478725,0,Pass
2417,628478727,0,Pass
2418,628478730,0,Pass
2419,628478766,0,Pass
2420,628897895,0,Pass
2421,628897898,0,Pass
2422,628478718,0,Pass
2423,628478692,0,Pass
2424,628478715,0,Pass
2425,628478716,0,Pass
2426,628478744,0,Pass
2427,628478740,0,Pass
2428,628061477,0,Pass
2429,628478717,0,Pass
2430,628478713,0,Pass
2431,628478719,0,Pass
2432,628478712,0,Pass
2433,628478732,0,Pass
2434,628061469,0,Pass
2435,628478735,0,Pass
2436,628478736,1,Fail
2437,628478738,0,Pass
2438,628478741,0,Pass
2439,628478742,0,Pass
2440,628478743,0,Pass
2441,628478647,0,Pass
2442,628061471,0,Pass
2443,628478733,0,Pass
2444,628478714,0,Pass
2445,627621082,0,Pass
2446,627851494,0,Pass
2447,628574245,0,Pass
2448,628885456,0,Pass
2449,628885457,0,Pass
2450,628666316,0,Pass
2451,628885458,0,Pass
2452,628502334,0,Pass
2453,628885459,0,Pass
2454,628592044,0,Pass
2455,628885460,0,Pass
2456,628574247,0,Pass
2457,628574246,0,Pass
2458,628666315,0,Pass
2459,628478751,0,Pass
2460,628574244,0,Pass
2461,628478755,0,Pass
2462,628592043,0,Pass
2463,628478749,0,Pass
2464,628478756,0,Pass
2465,628885454,0,Pass
2466,628885455,0,Pass
2467,628474904,0,Pass
2468,628478748,0,Pass
2469,628478753,0,Pass
2470,628474905,0,Pass
2471,628478693,0,Pass
2472,628502332,0,Pass
2473,628478694,0,Pass
2474,628478689,0,Pass
2475,628478699,0,Pass
2476,628478690,0,Pass
2477,628478707,0,Pass
2478,628478704,0,Pass
2479,628478710,0,Pass
2480,628478705,0,Pass
2481,628478701,0,Pass
2482,628478709,0,Pass
2483,628478697,0,Pass
2484,628478702,0,Pass
2485,628478696,0,Pass
2486,628478745,0,Pass
2487,628478750,0,Pass
2488,628478746,0,Pass
2489,628478752,0,Pass
2490,628478747,0,Pass
2491,628478754,0,Pass
2492,629384590,0,Pass
2493,628478708,0,Pass
2494,628478706,0,Pass
2495,628061480,1,Fail
2496,629295506,0,Pass
2497,629295508,1,Fail
2498,628478767,0,Pass
2499,628520032,0,Pass
2500,628853652,0,Pass
2501,628853653,0,Pass
2502,629116555,0,Pass
2503,629293428,0,Pass
2504,629293429,0,Pass
2505,629226662,0,Pass
2506,629317957,0,Pass
2507,629317959,0,Pass
2508,629317961,0,Pass
2509,629295503,0,Pass
2510,629295505,0,Pass
2511,629307912,0,Pass
2512,628478695,0,Pass
2513,628478698,0,Pass
2514,628478700,0,Pass
2515,628478703,0,Pass
2516,628478711,0,Pass
2517,628478729,0,Pass
2518,628478731,0,Pass
2519,628478734,0,Pass
2520,628478737,0,Pass
2521,628478739,0,Pass
2522,629024990,0,Pass
2523,629024991,0,Pass
2524,627556623,0,Pass
2525,628592042,1,Fail
2526,628897897,0,Pass
2527,629788197,0,Pass
2528,629749387,0,Pass
2529,629788194,0,Pass
2530,629788198,0,Pass
2531,629788195,0,Pass
2532,629729803,0,Pass
2533,629729804,0,Pass
2534,629729801,0,Pass
2535,629729802,0,Pass
2536,629729798,0,Pass
2537,629729799,0,Pass
2538,629729800,0,Pass
2539,629714587,0,Pass
2540,629729796,0,Pass
2541,629729797,0,Pass
2542,629714582,0,Pass
2543,629714584,0,Pass
2544,629714585,0,Pass
2545,629714581,0,Pass
2546,629456025,0,Pass
2547,629507775,0,Pass
2548,629685112,0,Pass
2549,629729824,0,Pass
2550,629729836,0,Pass
2551,629729831,0,Pass
2552,629729830,0,Pass
2553,629729833,0,Pass
2554,629729832,0,Pass
2555,629729835,0,Pass
2556,629729834,0,Pass
2557,629729829,0,Pass
2558,629729828,0,Pass
2559,629456026,0,Pass
2560,628574243,1,Fail
2561,628478691,0,Pass
2562,629729806,0,Pass
2563,629729807,0,Pass
2564,629729808,0,Pass
2565,629729809,0,Pass
2566,629729810,0,Pass
2567,629729811,0,Pass
2568,629729812,0,Pass
2569,629749386,0,Pass
2570,629749385,0,Pass
2571,629749384,0,Pass
2572,629729816,0,Pass
2573,629729815,0,Pass
2574,629729814,0,Pass
2575,629384587,0,Pass
2577,629729820,0,Pass
2578,629729819,0,Pass
2579,629729813,0,Pass
2580,629729818,0,Pass
2581,629729826,0,Pass
2582,629729827,0,Pass
2583,629729822,0,Pass
2584,629729821,0,Pass
2585,629729825,0,Pass
2586,629729823,0,Pass
2587,629729817,0,Pass
2588,629384591,0,Pass
2589,629384592,0,Pass
2590,630271556,0,Pass
2591,630271558,0,Pass
2592,630271557,0,Pass
2593,630271554,0,Pass
2594,629714583,0,Pass
2595,629714586,0,Pass
2596,630271552,0,Pass
2597,630086070,0,Pass
2598,629714580,0,Pass
2599,630271553,0,Pass
2600,630271555,0,Pass
2601,629788196,0,Pass
2602,630271559,0,Pass
2603,630271560,0,Pass
2604,630271551,0,Pass
2605,629851432,0,Pass
2606,629851433,0,Pass
2607,629384588,0,Pass
2608,630436745,0,Pass
2609,630436740,1,Fail
2610,630436743,0,Pass
2611,630529429,0,Pass
2612,629524295,0,Pass
2613,628061483,0,Pass
2614,630319395,0,Pass
2615,628061479,0,Pass
2616,628520033,0,Pass
2617,630652062,0,Pass
2618,630953222,0,Pass
2619,630586129,0,Pass
2621,629566089,0,Pass
2622,629566090,0,Pass
2623,629566091,0,Pass
2624,630849426,0,Pass
2625,630716194,0,Pass
2626,630849432,0,Pass
2627,630849430,0,Pass
2628,630849427,0,Pass
2629,630849431,0,Pass
2630,630849428,0,Pass
2631,630570223,0,Pass
2632,630785675,0,Pass
2633,630440234,0,Pass
2635,629123473,0,Pass
2636,629123472,0,Pass
2637,630785673,0,Pass
2638,630785674,0,Pass
2639,630785671,0,Pass
2640,630785672,0,Pass
2641,630849416,0,Pass
2642,630849417,0,Pass
2643,630849413,0,Pass
2644,630849414,0,Pass
2645,630849415,0,Pass
2646,630849410,0,Pass
2647,630849411,0,Pass
2648,630849412,0,Pass
2649,630849423,0,Pass
2650,630849424,0,Pass
2651,630849425,0,Pass
2652,630849421,0,Pass
2653,630849422,0,Pass
2654,630849418,0,Pass
2655,630849419,0,Pass
2656,630849420,0,Pass
