,token_lT_count,longest_lA_run,longest_lC_run,token_lC_count,lna_last_fraction,longest_rU_run,rna_mean_fraction,rna_count_3p,repeated_dinucleotide_count,longest_homopolymer_run,methyl_mean_fraction,rna_mean_position,modified_token_mean_fraction,token_rU_count,mod_density_3p,longest_mG_run,modified_token_position_std,token_mC_count,slash_mod_density_middle,token_rU_fraction,methyl_position_std,rna_count_middle,base_U_count,mod_density_middle,methyl_mean_position,longest_rna_run,token_rA_count,rna_span_fraction,rna_first_position,token_rG_count,star_density_3p,slash_mod_count_3p,star_count_5p,token_rA_fraction,star_count_middle,modified_token_first_position,longest_mC_run,star_first_position,token_rG_fraction,slash_mod_position_std,longest_mU_run,base_C_fraction,methyl_count_5p,mod_density_5p,base_U_fraction,token_rC_fraction,purine_fraction,longest_rG_run,base_G_count,slash_mod_last_position,base_C_count,longest_gc_run,slash_mod_first_position,modified_token_mean_position,max_gc_window_10,lna_count_3p,slash_mod_count,decorated_length,longest_slash_mod_run,base_G_fraction,slash_mod_density_5p,terminal_gc_count,longest_rC_run,unknown_char_count,unknown_char_fraction,terminal_star_count,token_lU_count,token_lU_fraction,longest_lU_run,lna_count_5p,lna_density_5p
token_lT_count,1.0,0.8052839678141188,0.6439406225647053,0.5689905375830256,0.7735508714599979,0.04350571902010282,0.02396425023088497,0.012354928702896494,0.004622721060011206,0.01315295433860074,0.021413339228854848,0.018647769227773055,0.01473959298474762,0.008656190332940131,0.03111854898284909,0.06969481043049718,0.016999029830992177,0.030632668710538102,0.08290930755349471,0.03416739677132806,0.005364251376480107,0.057130288852218734,0.04676461993352741,0.1531723440184806,0.036065554381159194,0.05892184769857872,0.02464912898077953,0.00442435726442046,0.006090494841683255,0.02911583357081218,0.005318683836208626,0.12498620587560828,0.039394074138796385,0.03684467676332232,0.011373050726315208,0.0008018594658953123,0.05841581169096538,0.0005399825887453984,0.05750063332138792,0.021200118273444694,0.005100075073594104,0.019784352417895425,0.04675275602167695,0.03124489559492828,0.03979485981592189,0.006851040013813931,0.03880573417354383,0.007651744896911064,0.011381879199307067,0.07344299562369432,0.027644523444643142,0.05162701100147693,0.07593168815117787,0.02973183200453319,0.027028756896738733,0.0009920630038743826,0.1489551804713046,0.04965938683541537,0.05452065132870906,0.04384729385381606,0.027973864010612266,0.06735552542300656,0.06592367082388831,0.0,0.0,0.0,0.0,0.0,0.0,0.0,0.0
longest_lA_run,0.8052839678141188,1.0,0.3736150077561608,0.26362501859803467,0.8231863418798052,0.04947266776066897,0.01541068023180384,0.002180357024237768,0.006995661648115855,0.018049723861403025,0.021306842050065406,0.02704823263030566,0.014511707898591195,0.004257458489758096,0.021937074639705307,0.04973919408302437,0.011437226429954287,0.02649851104232536,0.06269765434708258,0.03215171078204713,0.012004550274567111,0.0488837382429013,0.04431668816324124,0.1449516805296932,0.03546749886871178,0.05900750729634632,0.028323185625570704,0.00464666114982934,0.006573672825104887,0.01826102884378751,0.004450992971893747,0.12241081024135361,0.04115285771855522,0.041946690849491916,0.012275310371571582,0.0008654734824555331,0.05410669719527697,0.0005828210944981923,0.04630079525916702,0.023296087316998816,0.009246520914849107,0.03483503133960365,0.043777298944618466,0.030974522482210075,0.03134431741550563,0.01053294997773103,0.043073314206912953,0.021957839174527035,0.0018871024090084353,0.06392489807492892,0.04141637360044302,0.055722743074847245,0.05882023860339733,0.03031342657704114,0.027019402564488298,0.0010707664613272348,0.14667397573185936,0.05395248133416619,0.045686399765939766,0.027457353533243453,0.048314980188561625,0.07269904968370448,0.06914103819855438,0.0,0.0,0.0,0.0,0.0,0.0,0.0,0.0
longest_lC_run,0.6439406225647053,0.3736150077561608,1.0,0.8836994600325198,0.6546131678548424,0.03088509811653048,0.020538688112206126,0.007765217899188245,0.0028163137895587443,0.011068119474811133,0.018354766264867987,0.009067012394436564,0.014568181745957838,0.0013646037161725714,0.019581239777377905,0.037279673119890215,0.0035707690923521725,0.010161294727912403,0.06409599795113119,0.017563055475586606,0.013419020259141948,0.028792578874020733,0.03298115414498476,0.08847890733550526,0.02979711551526108,0.042468429093536646,0.015303194119478801,0.004115854251749279,0.004926987230793383,0.011963101749234267,0.0021347584852034413,0.06782215881330418,0.007288178490537639,0.024038715074586662,0.009200381440309009,0.0006486749356256061,0.04055312962389198,0.00043682613461734155,0.029101577788735324,0.005431742492908364,0.0022845594858416783,0.020133796075884464,0.017568993434294827,0.005532750077037233,0.02768043950815951,0.001897163243425633,0.031132494859836816,0.016457465424130527,0.007829545553927812,0.04373773748907183,0.024343687257363175,0.041764360791742505,0.05431210346251629,0.028150011102522472,0.01612606679134903,0.0008025426306544135,0.0795532990241916,0.03043558499946161,0.034242091788940845,0.03139207355765919,0.008415629953069376,0.05448815281991352,0.05677765709960293,0.0,0.0,0.0,0.0,0.0,0.0,0.0,0.0
token_lC_count,0.5689905375830256,0.26362501859803467,0.8836994600325198,1.0,0.6096721531617965,0.029115994254076277,0.011870762696286886,0.001612066214437257,0.004513945183147361,0.012753416799048307,0.016122721618589568,0.014384059038894158,0.012575135702738159,0.002157079009422089,0.009791523515968136,0.014436496701540243,0.0006639192119085045,0.003483365081945718,0.044300362950198305,0.013998028018230874,0.01861993098331637,0.016902011337097168,0.028661955714995357,0.06783698887428781,0.026198075807725717,0.037013911750563906,0.013030193079045517,0.004350163364653136,0.004644768534016948,0.0017210721191830113,0.00160637613092715,0.045893556523477895,0.0068707103423317085,0.021941328654773353,0.008673381970186229,0.000611518721008359,0.03096319805230842,0.000411804656652247,0.012652766021447395,0.0014881817299056143,0.002153699515924835,0.02700611950510377,0.010240214814731514,0.00073554778259806,0.018802028734769247,0.010209595376534828,0.02980752771386602,0.026646043812879324,0.002578292425487306,0.027386829712139293,0.03115792408641028,0.039372090846190394,0.03577644968331783,0.025183920137753862,0.015202362843926587,0.0007565728473525133,0.05351711011558901,0.028367089831545504,0.021587818309354145,0.017526929372288724,0.007933581186418655,0.05136706182489708,0.053525422896006744,0.0,0.0,0.0,0.0,0.0,0.0,0.0,0.0
lna_last_fraction,0.7735508714599979,0.8231863418798052,0.6546131678548424,0.6096721531617965,1.0,0.0457480214018947,0.005672680599650739,0.010842077555415454,0.007067821481074954,0.020499367848539327,0.023463063798819708,0.04304748327955099,0.016363438823984517,0.0005608720575880316,0.013443828213547462,0.040893090115351645,0.008461772850611204,0.043676498999589905,0.053672243425322085,0.03517082187302044,0.016500869393132528,0.05398472685754514,0.04832753818508664,0.16561802232102035,0.040388630987422805,0.06599509624384395,0.0294425227451724,0.007291157280593243,0.007680026202017769,0.005978454463047156,0.0054777822651934475,0.09691710058208171,0.0353479112038895,0.04674603699460334,0.014341253025482498,0.001011133227839757,0.060726199911505255,0.0006809102606599591,0.0373270627752304,0.013886450579437654,0.018377620436912642,0.04334500060383498,0.06932660874055403,0.036460112845297606,0.02250494819435208,0.010595245619264787,0.04283779412476978,0.029462335355960097,0.01875692905305673,0.04727939567284306,0.05581796993323267,0.05145326718984921,0.04654554111483354,0.03743995197246159,0.02367496574377385,0.36603406809718275,0.11542053362990287,0.062033451812754714,0.034021987018222385,0.01671555474668656,0.03138132902777424,0.06116256504791512,0.06984547831802593,0.0,0.0,0.0,0.0,0.0,0.0,0.0,0.0
longest_rU_run,0.04350571902010282,0.04947266776066897,0.03088509811653048,0.029115994254076277,0.0457480214018947,1.0,0.21987855879314677,0.11700390474827486,0.5171675549958551,0.3321139495955272,0.23045655606551027,0.03978980382897348,0.49261842614989665,0.31972675090405256,0.1937570623893729,0.06309721328996536,0.3397197351275084,0.15037992726196694,0.051114514732258455,0.42539271310631516,0.145042676879918,0.03765994531034618,0.40346114615645046,0.011466872217049014,0.20834059241144098,0.07691824185306112,0.23861522544889704,0.05108979526806249,0.0378983184603722,0.027943828977009,0.22700453109924826,0.06674218293064837,0.02878220897468849,0.27996653698930524,0.3224818158786442,0.07259271654750153,0.07992052455067464,0.06544335701951041,0.02248410751599273,0.20366172340079913,0.20983225520980806,0.06353915205281187,0.10082861797443185,0.001746066070937385,0.5273835907318803,0.077869097250623,0.3026452121575122,0.10302466707845509,0.09650760587284178,0.09943438602237832,0.009958760003252196,0.03314063569426219,0.0718003879317365,0.39884438011317447,0.24192697883672518,0.008796900918862946,0.04147798574603975,0.06613590751833107,0.015732618611155956,0.09581185341114917,0.050983196618044645,0.18622636374245,0.02106513191871635,0.0,0.0,0.0,0.0,0.0,0.0,0.0,0.0
rna_mean_fraction,0.02396425023088497,0.01541068023180384,0.020538688112206126,0.011870762696286886,0.005672680599650739,0.21987855879314677,1.0,0.6621677081207502,0.041648909490241026,0.028369346525698266,0.26725576890626934,0.38570787815345375,0.2676376362712665,0.23814278858097607,0.8530240398473511,0.5735795527320772,0.18041702077201327,0.7324170920530947,0.05771272633441994,0.3227178683171709,0.16641198939123814,0.2040163051959983,0.08411851811965657,0.5668323140765953,0.3695552972522338,0.4442467677898682,0.1839780830010357,0.5948603584037512,0.2197297239949943,0.37105163818666925,0.21655716156781807,0.10968054316076038,0.040831074370514836,0.2114098091668716,0.24080119620389762,0.02210002281453463,0.5991380612150728,0.04243283032624664,0.5164830393103735,0.06025332687505915,0.6485490532987812,0.2027199610886772,0.3731747964528831,0.186215530157575,0.11306023411717021,0.47279807503000154,0.057977277266086,0.08771971113329817,0.03361236359147554,0.002873266415952583,0.11078283596056257,0.07247391598012784,0.05730968901500683,0.3677877795432968,0.09046825821873891,0.016045035817769532,0.052129465442004884,0.045888952546351384,0.04483431398784537,0.08150535122932621,0.051426462028527256,0.17017888984760873,0.1320648431694676,0.0,0.0,0.0,0.0,0.0,0.0,0.0,0.0
rna_count_3p,0.012354928702896494,0.002180357024237768,0.007765217899188245,0.001612066214437257,0.010842077555415454,0.11700390474827486,0.6621677081207502,1.0,0.21419505262992788,0.1468174850936172,0.19900990425655085,0.822133610833799,0.1425129878073021,0.6726275406435596,0.8460806052327927,0.5273120643750148,0.5515898979258818,0.7074889472600774,0.04680263290201741,0.3995619896301249,0.42431824221690295,0.7686821910045434,0.34024063608912375,0.5746265759196492,0.09940234313013918,0.8425459933181373,0.4652751125447463,0.7617477245870165,0.15114076493690917,0.7947501655840818,0.24073807408290168,0.06768089876410421,0.11419899884833047,0.26723716374743234,0.07059919641786404,0.004906891471523775,0.54557440322123,0.049267623672701995,0.680089844114101,0.15591417116864797,0.5813186799180114,0.23405682772247177,0.4397885816886958,0.46874682426314584,0.16090260782987179,0.6185274632174692,0.04713716130189186,0.21761670392500826,0.4871470287916404,0.12925633113540072,0.5029928169929981,0.18964760149592882,0.025550337569361654,0.020798327805431657,0.20517382560236427,0.01577213953722537,0.010583009641645104,0.5802001728565475,0.011994977930680962,0.14557558325297312,0.005644630080982908,0.1261725213568404,0.2982497681563834,0.0,0.0,0.0,0.0,0.0,0.0,0.0,0.0
repeated_dinucleotide_count,0.004622721060011206,0.006995661648115855,0.0028163137895587443,0.004513945183147361,0.007067821481074954,0.5171675549958551,0.041648909490241026,0.21419505262992788,1.0,0.8758040031315562,0.30570325664285747,0.19676607724507322,0.4442244884209968,0.2625037475335439,0.1345868341807611,0.158923643928278,0.2348642493247612,0.10557103862928578,0.001775212167102692,0.47247811475456414,0.16745593960709781,0.20565871215825013,0.34392237282921884,0.08032226431068867,0.21911074143228848,0.17284821475809792,0.8056659838285294,0.13864233596324244,0.18707296207298826,0.13325331839418292,0.28618926549685125,0.03638950532230816,0.24874167500650893,0.7415635685737231,0.048798094959586286,0.06448382903898237,0.14981610592169678,0.06803506262337417,0.2896272867383955,0.038221099885958225,0.22563532985745083,0.45864506283057616,0.17227312654359675,0.23442544926521586,0.6452855845253374,0.30065047937238354,0.7187992515584599,0.16748701790066559,0.21219130141331818,0.03868665485365543,0.22917215997898482,0.1476759147613792,0.01518986762262427,0.2825517574973024,0.596640763293996,0.0035323677712020647,0.03928601399296186,0.19742251921448586,0.03439734903619964,0.5366506851378996,0.048378490734734776,0.02223983588885083,0.21296807946891635,0.0,0.0,0.0,0.0,0.0,0.0,0.0,0.0
longest_homopolymer_run,0.01315295433860074,0.018049723861403025,0.011068119474811133,0.012753416799048307,0.020499367848539327,0.3321139495955272,0.028369346525698266,0.1468174850936172,0.8758040031315562,1.0,0.3023523217840855,0.11495778079786848,0.4221631846805664,0.25930624143018133,0.08710528842737325,0.1883627066580948,0.2423178223632059,0.07574218571772079,0.04456468385504473,0.4433670152431611,0.19624401957404544,0.15343162964657223,0.32403767916807985,0.07701468788715406,0.2218110847603735,0.2063061992180119,0.8067437395855211,0.13612614132551018,0.20593964254867392,0.21831322188604457,0.25812794455055976,0.027522163369705897,0.334296535534427,0.8064286580169493,0.1726316653721326,0.06037384111985189,0.18605865858792986,0.052399726216447395,0.37199279487208364,0.018722575591048906,0.1876897140131726,0.5934458257071649,0.17393160189197843,0.2738105513693851,0.5953483392408665,0.41211422461549774,0.773813994142244,0.31211520814526456,0.29557364887100446,0.0715380115056153,0.33325237840102767,0.19213067202237558,0.08420906150170944,0.2695123358203468,0.6442722992323958,0.0005781773362518755,0.05477115196994805,0.14228029307470683,0.061701826563766535,0.6433592122700995,0.04801962700559088,0.06926013074911691,0.2585962436670432,0.0,0.0,0.0,0.0,0.0,0.0,0.0,0.0
methyl_mean_fraction,0.021413339228854848,0.021306842050065406,0.018354766264867987,0.016122721618589568,0.023463063798819708,0.23045655606551027,0.26725576890626934,0.19900990425655085,0.30570325664285747,0.3023523217840855,1.0,0.1089299631295309,0.7300233076747055,0.17392111839468677,0.4207903572782421,0.517419522379653,0.44915479205538833,0.3409601649732942,0.029487852613154533,0.017048438779051735,0.7250027295363816,0.10652606544011158,0.42429166855144634,0.21754906237629965,0.8970879548025549,0.16116181646863395,0.2735811839269105,0.35282486303393246,0.4086918915648195,0.054557807275074394,0.8201630978490124,0.07269142355045073,0.7318523286415051,0.3973755650420538,0.02471547968652051,0.11656539240247972,0.5292572479019185,0.2142872905842016,0.12337694336890452,0.6046648020073462,0.7435000522505727,0.0214368080674419,0.4880949694353265,0.5037262032550657,0.38605312353331755,0.18236034270978513,0.2656875358518985,0.006049399050288323,0.2365047112690312,0.380141310017525,0.14600220620675938,0.027219142245987076,0.08900377660882053,0.6606944298632548,0.229668570185226,0.004641570840506424,0.14728647258587485,0.17757007756102391,0.0851029929317601,0.19349031620476503,0.3704012945832394,0.22059481181667115,0.027788965859894297,0.0,0.0,0.0,0.0,0.0,0.0,0.0,0.0
rna_mean_position,0.018647769227773055,0.02704823263030566,0.009067012394436564,0.014384059038894158,0.04304748327955099,0.03978980382897348,0.38570787815345375,0.822133610833799,0.19676607724507322,0.11495778079786848,0.1089299631295309,1.0,0.11987456248265142,0.7300695230012546,0.43403920818195924,0.14448463841631837,0.6907081263322788,0.28590135747449447,0.06025611723689526,0.169073436454821,0.5877597482712992,0.8707643152450402,0.6193024618673332,0.2679102441732049,0.3126882084842275,0.7014958328181236,0.38410197519864164,0.3642721031758632,0.16684134753123017,0.8054418468726281,0.046876525404349174,0.02219966231845742,0.06840448837000687,0.020225833215895595,0.10482252164130557,0.013348608737806184,0.15003955159315446,0.0631190300614757,0.4448239058330077,0.04356809638321449,0.17705691636788845,0.27820771491346274,0.09436206412981114,0.27576682037460176,0.1115036974731835,0.4092159605396903,0.10803712028655718,0.27720951064661536,0.7500805912293186,0.12664862222609666,0.7222189718507315,0.2692807454115374,0.13841298087275938,0.43042495693871075,0.3225708046993907,0.03532289976553131,0.0533815128052118,0.8893451428005401,0.07681708081233775,0.23808757532000513,0.11344693653363158,0.09710589715889738,0.317927395603097,0.0,0.0,0.0,0.0,0.0,0.0,0.0,0.0
modified_token_mean_fraction,0.01473959298474762,0.014511707898591195,0.014568181745957838,0.012575135702738159,0.016363438823984517,0.49261842614989665,0.2676376362712665,0.1425129878073021,0.4442244884209968,0.4221631846805664,0.7300233076747055,0.11987456248265142,1.0,0.28090939878179144,0.36559564347252943,0.4008581289891755,0.6617346635055504,0.28763887494137697,0.02150370113883777,0.1450244738249919,0.5097510037806381,0.13430451673745333,0.47937080580290603,0.18293613613693877,0.6707550257037137,0.08485709682638441,0.33986817856383816,0.2916412106148531,0.2886673379864309,0.14704248998366493,0.6019155724662284,0.0756330118260085,0.5027120307769783,0.4854976766518223,0.0109415602587507,0.16018292372536677,0.41123221670064586,0.16804107536889343,0.0013567458578707572,0.053144340536164306,0.5670647561992241,0.10976804705120054,0.36425278756938656,0.3880343399083475,0.4669939040337296,0.06991742588674678,0.3758613415190812,0.0037721580613961927,0.31343671920880584,0.09776618918112055,0.2209203778208265,0.018003977224532418,0.0848801155189742,0.8262804974517549,0.32785866591988616,0.0025243156310118127,0.08321190296564888,0.23437458819800316,0.0830926154104695,0.2985521054863462,0.042233120666684554,0.15048338116486296,0.05433990518877266,0.0,0.0,0.0,0.0,0.0,0.0,0.0,0.0
token_rU_count,0.008656190332940131,0.004257458489758096,0.0013646037161725714,0.002157079009422089,0.0005608720575880316,0.31972675090405256,0.23814278858097607,0.6726275406435596,0.2625037475335439,0.25930624143018133,0.17392111839468677,0.7300695230012546,0.28090939878179144,1.0,0.3785393941673422,0.17805357895503,0.7506209725165677,0.3619017865000633,0.03858176782521182,0.7223729170787091,0.6064503916953472,0.7830490681631074,0.8858791610250594,0.4071022850717185,0.32037038859331335,0.6611868463265116,0.029226233016939572,0.3708045791816355,0.004351855800443476,0.8102925916141165,0.027918348190486924,0.08481315247250426,0.03369434418802814,0.29122678747670994,0.21788400041073544,0.04173312500957498,0.1612477581857509,0.008604375207839769,0.6013336473271051,0.09440354591623976,0.16637669665749052,0.37372360397379445,0.25755788325289347,0.3505793736394452,0.4759473327352901,0.557848554861466,0.5531934412472896,0.3164944667784813,0.6998613331473551,0.10841478547601417,0.684397254113863,0.2555698086349643,0.061330780622257164,0.468022266155524,0.5020884617671434,0.0040844191936595465,0.04134388069021282,0.6635263488079203,0.004741098198540018,0.36770739646256084,0.055540561837017485,0.04668117559854676,0.41773831457649,0.0,0.0,0.0,0.0,0.0,0.0,0.0,0.0
mod_density_3p,0.03111854898284909,0.021937074639705307,0.019581239777377905,0.009791523515968136,0.013443828213547462,0.1937570623893729,0.8530240398473511,0.8460806052327927,0.1345868341807611,0.08710528842737325,0.4207903572782421,0.43403920818195924,0.36559564347252943,0.3785393941673422,1.0,0.7156082798093493,0.24044692765060066,0.8700090166481426,0.031228585147865254,0.4551576143744075,0.1552543564838661,0.38243875264696925,0.041244421312765615,0.671938820396649,0.44868106009315234,0.6630982507663461,0.3453257333474003,0.8609820805617562,0.2040827321761526,0.5242966427200946,0.34973176321632227,0.10003283870280462,0.20808934982806518,0.366494436179466,0.037215167148984596,0.02650448907222869,0.7434385462083931,0.037288278364316946,0.6771848936718426,0.17553493677750223,0.8014420329186263,0.1807060277076165,0.570779874606761,0.46200402343877833,0.1683710708803564,0.6230434100559586,0.007604414198679379,0.11502201445464222,0.09742228561715886,0.09195435564149632,0.16954911164696101,0.08455783035088149,0.048968901969750074,0.38378768635542876,0.07108449787915386,0.0033234231018759797,0.03733384325886759,0.08496770174400532,0.025945350783746907,0.04582344374450677,0.09877315321233578,0.15442161133329407,0.19186571689579038,0.0,0.0,0.0,0.0,0.0,0.0,0.0,0.0
longest_mG_run,0.06969481043049718,0.04973919408302437,0.037279673119890215,0.014436496701540243,0.040893090115351645,0.06309721328996536,0.5735795527320772,0.5273120643750148,0.158923643928278,0.1883627066580948,0.517419522379653,0.14448463841631837,0.4008581289891755,0.17805357895503,0.7156082798093493,1.0,0.016461892568922915,0.6778275051339163,0.0045652176392928095,0.35346660690912296,0.10655690204762068,0.19859341879745696,0.13928239328768297,0.6003985223425058,0.5549675510901824,0.49436304241257883,0.3489912185238484,0.6225080355901199,0.2422861571067294,0.21527990223810758,0.3945103561132383,0.0763100726364499,0.36619518088313374,0.4329074846558358,0.05324274542645816,0.019261115324509814,0.6147371010474557,0.014117241449745986,0.39532185718739105,0.2643014022596826,0.6956572390847213,0.035426045159428474,0.5880057327475243,0.48474611088183434,0.10594736732223238,0.3384486932217735,0.09210878719560661,0.07991572179283309,0.18877020869645467,0.11301482830126877,0.08818417033254161,0.0896445170793005,0.1116283818104353,0.4523669852930925,0.12933292324341608,0.03135953750636755,0.02828940754268071,0.09263891548246345,0.010933457959193356,0.2218487573344943,0.14575189830476878,0.07790147377905193,0.014396968330119718,0.0,0.0,0.0,0.0,0.0,0.0,0.0,0.0
modified_token_position_std,0.016999029830992177,0.011437226429954287,0.0035707690923521725,0.0006639192119085045,0.008461772850611204,0.3397197351275084,0.18041702077201327,0.5515898979258818,0.2348642493247612,0.2423178223632059,0.44915479205538833,0.6907081263322788,0.6617346635055504,0.7506209725165677,0.24044692765060066,0.016461892568922915,1.0,0.24316150288317304,0.006982153623652977,0.4032572970908784,0.7940662901905833,0.718831559125549,0.7049944658788216,0.308163080689483,0.5441423197742113,0.5625765752008053,0.03126027676135158,0.22973803783413432,0.17365599696843104,0.7116450141781763,0.28221831431199235,0.02132259967619022,0.27395816506212456,0.23091009432278392,0.16168430250751017,0.04419259221089488,0.02092091240119537,0.015274753079644347,0.4773948979194014,0.12776419407897907,0.059994753629001175,0.2733230618057475,0.06239149959591593,0.12326306283021476,0.2820523322386812,0.3848749553796938,0.36151640359875375,0.19518668642930065,0.659079554756305,0.13647865118536037,0.5869754121620154,0.1807155472391415,0.06543052395039646,0.753080489737233,0.448813301250611,0.01030509441506264,0.005873899199460408,0.638045562976042,0.016875049032726908,0.3617704040402414,0.059948506872228365,0.044353229723656816,0.2868539268147253,0.0,0.0,0.0,0.0,0.0,0.0,0.0,0.0
token_mC_count,0.030632668710538102,0.02649851104232536,0.010161294727912403,0.003483365081945718,0.043676498999589905,0.15037992726196694,0.7324170920530947,0.7074889472600774,0.10557103862928578,0.07574218571772079,0.3409601649732942,0.28590135747449447,0.28763887494137697,0.3619017865000633,0.8700090166481426,0.6778275051339163,0.24316150288317304,1.0,0.0015018629953780097,0.503908721756469,0.17674583661186147,0.3965820179091008,0.029988852333736226,0.8310606570052161,0.41988309118931055,0.6689799025193781,0.3183691308301106,0.7271444380764921,0.17719106555178737,0.4560197255995527,0.2714956884616173,0.23827608697573796,0.17315285697728303,0.37282645134699055,0.003557784240500733,0.010903935542919619,0.8178263993505701,0.005975898963670572,0.6448109835932694,0.13968590487157206,0.7517629353969746,0.020250266156556083,0.7570123168772726,0.5223015046518383,0.03797959826495785,0.5327540415986669,0.011611243744757914,0.05737658416892374,0.010599730784990956,0.01473585203312458,0.0022972163963415715,0.010098331720400124,0.1634903059352174,0.3782309589793393,0.01913186647320192,0.07180364973679314,0.18048673689668204,0.04716866893168572,0.15098575269528944,0.02857784486046519,0.05122795526464705,0.016082633669819886,0.12218236477140432,0.0,0.0,0.0,0.0,0.0,0.0,0.0,0.0
slash_mod_density_middle,0.08290930755349471,0.06269765434708258,0.06409599795113119,0.044300362950198305,0.053672243425322085,0.051114514732258455,0.05771272633441994,0.04680263290201741,0.001775212167102692,0.04456468385504473,0.029487852613154533,0.06025611723689526,0.02150370113883777,0.03858176782521182,0.031228585147865254,0.0045652176392928095,0.006982153623652977,0.0015018629953780097,1.0,0.0097251054806209,0.048063853086350854,0.021570016170181814,0.04747945830208004,0.13064105610755858,0.034776501140187134,0.08224610378244261,0.07351129619894728,0.012916238999166345,0.06255221754651469,0.060614253743978656,0.005685062307265959,0.007911885889593169,0.008780511577142614,0.0970369628950463,0.023328989486997007,0.0016448155820352388,0.0422715172363903,0.00110764019603421,0.03956166843398596,0.0018441379070689805,0.0015814524397606837,0.12626133349237423,0.05291376424909824,0.05188371585458325,0.049069207061357756,0.07830012160216476,0.1140325091348054,0.11831948647497396,0.05503849324630379,0.1783249614027866,0.09940435015798287,0.10473232076494961,0.2539060035162952,0.03467393539536144,0.08937027819240545,0.002034970910159864,0.3968109229801173,0.09188682416551246,0.38665706788829524,0.06718583556892586,0.006957994981496017,0.04977477127990455,0.13935641901480234,0.0,0.0,0.0,0.0,0.0,0.0,0.0,0.0
token_rU_fraction,0.03416739677132806,0.03215171078204713,0.017563055475586606,0.013998028018230874,0.03517082187302044,0.42539271310631516,0.3227178683171709,0.3995619896301249,0.47247811475456414,0.4433670152431611,0.017048438779051735,0.169073436454821,0.1450244738249919,0.7223729170787091,0.4551576143744075,0.35346660690912296,0.4032572970908784,0.503908721756469,0.0097251054806209,1.0,0.2932178866509909,0.29601097236721735,0.5278707428730025,0.5175475121422491,0.040324618065927804,0.4059756477066806,0.2754231037348761,0.4473112747263496,0.15177903853209812,0.4499009399498506,0.021821940095647672,0.14757133777033432,0.07573021938688729,0.2852875564506372,0.15218703726114333,0.03352953673284889,0.336213613700939,0.03005186108663366,0.588599815609164,0.12415165880357236,0.34040351456344026,0.2701446831027078,0.4164445958122534,0.3300866782743619,0.7234032907058535,0.5325368282598163,0.6472731540297283,0.16137409776800601,0.20777737790341688,0.042859441402730535,0.23990326148683194,0.09597769206760116,0.06437639278260025,0.05525565882106279,0.359344525106578,0.021921711754704754,0.09276180346134527,0.030417988057663985,0.07029404214912267,0.25958203137656266,0.12282363983742944,0.11695097875545468,0.29188172887604247,0.0,0.0,0.0,0.0,0.0,0.0,0.0,0.0
methyl_position_std,0.005364251376480107,0.012004550274567111,0.013419020259141948,0.01861993098331637,0.016500869393132528,0.145042676879918,0.16641198939123814,0.42431824221690295,0.16745593960709781,0.19624401957404544,0.7250027295363816,0.5877597482712992,0.5097510037806381,0.6064503916953472,0.1552543564838661,0.10655690204762068,0.7940662901905833,0.17674583661186147,0.048063853086350854,0.2932178866509909,1.0,0.602174181580047,0.6217065317766701,0.2500658905287028,0.7562976823207664,0.40598363500961754,0.0006272354750698583,0.13609204964125454,0.3006545021436644,0.5684533281886778,0.5174346481496325,0.13056387171189412,0.5326214372137351,0.21590359859583713,0.09091051214374123,0.03395705264211449,0.11085478136044197,0.017242764596647708,0.3524251153808856,0.47692896360196996,0.2563387840778164,0.20591320052588838,0.08330080207231956,0.05544216814603323,0.28822206009953794,0.2735157161360856,0.3217433983946383,0.1903007724260581,0.5311274880230212,0.28431324858631096,0.4679175867834687,0.1793809934718476,0.09577699242905127,0.603690929489672,0.3661974276180468,0.01107069680952674,0.16821210504195708,0.49787936954901457,0.09167176833108712,0.2872462611688501,0.32565441815149504,0.12809303385501436,0.25415134564513137,0.0,0.0,0.0,0.0,0.0,0.0,0.0,0.0
rna_count_middle,0.057130288852218734,0.0488837382429013,0.028792578874020733,0.016902011337097168,0.05398472685754514,0.03765994531034618,0.2040163051959983,0.7686821910045434,0.20565871215825013,0.15343162964657223,0.10652606544011158,0.8707643152450402,0.13430451673745333,0.7830490681631074,0.38243875264696925,0.19859341879745696,0.718831559125549,0.3965820179091008,0.021570016170181814,0.29601097236721735,0.602174181580047,1.0,0.6269026839227317,0.5302307896053919,0.31359115637199997,0.8237577903777283,0.43813902889556977,0.402496042966896,0.07721480784417664,0.8140888727455037,0.0653089928563402,0.08979020657349608,0.021615170553782554,0.10869156934717673,0.24546401866938702,0.017011006348320742,0.2065722006241007,0.04475117679328802,0.5022542263809218,0.05496745459822317,0.22527785365729502,0.17656315484583268,0.32792537653591597,0.45136219601388544,0.05238983517744243,0.42551470717366996,0.08054854754461066,0.24187890770965323,0.6914776737314217,0.06164497547681187,0.6232006728599644,0.19220848957688985,0.036574147437940525,0.43323902350056687,0.25466474080306206,0.049956907197257205,0.09228360847014704,0.827454418081914,0.035923451031013534,0.19558411999208147,0.14917322339490965,0.016187217693550197,0.29538278858331013,0.0,0.0,0.0,0.0,0.0,0.0,0.0,0.0
base_U_count,0.04676461993352741,0.04431668816324124,0.03298115414498476,0.028661955714995357,0.04832753818508664,0.40346114615645046,0.08411851811965657,0.34024063608912375,0.34392237282921884,0.32403767916807985,0.42429166855144634,0.6193024618673332,0.47937080580290603,0.8858791610250594,0.041244421312765615,0.13928239328768297,0.7049944658788216,0.029988852333736226,0.04747945830208004,0.5278707428730025,0.6217065317766701,0.6269026839227317,1.0,0.062105375993858424,0.5848178178730679,0.3624337324189238,0.21479155834769895,0.023677389564751475,0.20802948565839505,0.6249428276167689,0.2250103292275717,0.02862208209713533,0.16759963548267823,0.5130953172382103,0.24591735355717995,0.05842973427521118,0.1844349236827798,0.0064515670644704655,0.31550214263768644,0.030705431431574885,0.23716397605426015,0.33804619034016326,0.055643342620792666,0.11734543152167724,0.6159028109357596,0.2993089870221906,0.621283943857678,0.2986108383358238,0.7145268691794264,0.06185970937295215,0.6780365688243377,0.25395737626913817,0.12383890490133295,0.6886158385294844,0.5265216091817977,0.013329308222590909,0.007987335285232551,0.6810246171249865,0.02010177291250517,0.37309848926718897,0.12400476118448528,0.16316141105593865,0.36293800318156666,0.0,0.0,0.0,0.0,0.0,0.0,0.0,0.0
mod_density_middle,0.1531723440184806,0.1449516805296932,0.08847890733550526,0.06783698887428781,0.16561802232102035,0.011466872217049014,0.5668323140765953,0.5746265759196492,0.08032226431068867,0.07701468788715406,0.21754906237629965,0.2679102441732049,0.18293613613693877,0.4071022850717185,0.671938820396649,0.6003985223425058,0.308163080689483,0.8310606570052161,0.13064105610755858,0.5175475121422491,0.2500658905287028,0.5302307896053919,0.062105375993858424,1.0,0.23979570953285428,0.6999988799317145,0.3191192242779468,0.6087843443806009,0.1313743486694403,0.4455049071159117,0.22060480549482678,0.28337573275600264,0.1858014320847251,0.3474277047074531,0.13183903468517594,0.007280699035939333,0.6235473561660761,0.005522376791934579,0.5905715184157604,0.0693231579375096,0.6498627703989855,0.01582253776667422,0.7679114696772112,0.5992781269844351,0.004142829914723192,0.46115779287825936,0.007578283806961502,0.056984446578340016,0.05502663737434313,0.10292705527599535,0.035410532754437785,0.034755342698523504,0.21251093167857307,0.21040193347005334,0.008683271385177488,0.11255748445011882,0.29971266602689545,0.0052308721398235045,0.2277147008397397,0.01953700772221837,0.025739094424890287,0.02699923641727896,0.10458095497992069,0.0,0.0,0.0,0.0,0.0,0.0,0.0,0.0
methyl_mean_position,0.036065554381159194,0.03546749886871178,0.02979711551526108,0.026198075807725717,0.040388630987422805,0.20834059241144098,0.3695552972522338,0.09940234313013918,0.21911074143228848,0.2218110847603735,0.8970879548025549,0.3126882084842275,0.6707550257037137,0.32037038859331335,0.44868106009315234,0.5549675510901824,0.5441423197742113,0.41988309118931055,0.034776501140187134,0.040324618065927804,0.7562976823207664,0.31359115637199997,0.5848178178730679,0.23979570953285428,1.0,0.037581731272037615,0.195794916339985,0.3521493333564326,0.35627479153020636,0.2234357723455981,0.6612518986098292,0.007576193367433013,0.5302042351190343,0.4165227395248653,0.13468277317723876,0.11688953859005644,0.5679112726337562,0.18451922104985582,0.0818945395933507,0.5188896857756838,0.7109237576753146,0.1301416232261979,0.44352930168912286,0.28352280073197567,0.3006549770274597,0.09747506614968876,0.2806222090039493,0.14361260644531235,0.4700541514543409,0.27120920761909356,0.39056382053268074,0.1486235107209429,0.15566847326619798,0.8311774328102186,0.3205886445964346,0.011877622006813098,0.06844429608898382,0.4613239970908319,0.012366630991164581,0.247976906265783,0.3070926478472655,0.17378118470015647,0.13724937177934138,0.0,0.0,0.0,0.0,0.0,0.0,0.0,0.0
longest_rna_run,0.05892184769857872,0.05900750729634632,0.042468429093536646,0.037013911750563906,0.06599509624384395,0.07691824185306112,0.4442467677898682,0.8425459933181373,0.17284821475809792,0.2063061992180119,0.16116181646863395,0.7014958328181236,0.08485709682638441,0.6611868463265116,0.6630982507663461,0.49436304241257883,0.5625765752008053,0.6689799025193781,0.08224610378244261,0.4059756477066806,0.40598363500961754,0.8237577903777283,0.3624337324189238,0.6999988799317145,0.037581731272037615,1.0,0.5588772401639567,0.6435762246035728,0.1726717888155501,0.6756097998168037,0.20613282967504085,0.1927718611336131,0.20779783596115783,0.3662447152265149,0.2685585793092539,0.0020937480657082126,0.5263220878660838,0.03537292362406131,0.5455952413757826,0.16959713326347764,0.5323085659679938,0.020013764820040185,0.5930277730563711,0.6073967378431797,0.10892678374037122,0.43311464771321373,0.05803225987780727,0.039164645377252436,0.38774923419507384,0.0022889289297446775,0.3429814805752743,0.050699564157783025,0.17786342883796977,0.09335219682161137,0.08870053023333198,0.02916459740043447,0.18275745179129102,0.5319474078953231,0.16623143082582362,0.008707837099213876,0.03872120457107704,0.025212091023422766,0.1415573223801788,0.0,0.0,0.0,0.0,0.0,0.0,0.0,0.0
token_rA_count,0.02464912898077953,0.028323185625570704,0.015303194119478801,0.013030193079045517,0.0294425227451724,0.23861522544889704,0.1839780830010357,0.4652751125447463,0.8056659838285294,0.8067437395855211,0.2735811839269105,0.38410197519864164,0.33986817856383816,0.029226233016939572,0.3453257333474003,0.3489912185238484,0.03126027676135158,0.3183691308301106,0.07351129619894728,0.2754231037348761,0.0006272354750698583,0.43813902889556977,0.21479155834769895,0.3191192242779468,0.195794916339985,0.5588772401639567,1.0,0.38773522985766146,0.22830825559143714,0.026691516729321987,0.2522232717317922,0.07087174318761547,0.2792756237696921,0.8900594618961937,0.19056485561551426,0.04156632956168649,0.3654609214418373,0.04673695719217966,0.14833251776099615,0.05779685814247994,0.349788261218627,0.562069888762981,0.3215225205253295,0.39059099160237537,0.6144950889772252,0.24185770893754938,0.7659152173222357,0.34087406261262665,0.15762686681350996,0.06589260258963006,0.22207454993744888,0.27281543816581155,0.15599765672354088,0.1820340286245663,0.579675103932962,0.010000498811804757,0.10180746753516375,0.3275718180564456,0.10473577775028982,0.593361016275803,0.08757952719638729,0.035738492498256995,0.30240949849028476,0.0,0.0,0.0,0.0,0.0,0.0,0.0,0.0
rna_span_fraction,0.00442435726442046,0.00464666114982934,0.004115854251749279,0.004350163364653136,0.007291157280593243,0.05108979526806249,0.5948603584037512,0.7617477245870165,0.13864233596324244,0.13612614132551018,0.35282486303393246,0.3642721031758632,0.2916412106148531,0.3708045791816355,0.8609820805617562,0.6225080355901199,0.22973803783413432,0.7271444380764921,0.012916238999166345,0.4473112747263496,0.13609204964125454,0.402496042966896,0.023677389564751475,0.6087843443806009,0.3521493333564326,0.6435762246035728,0.38773522985766146,1.0,0.4787462313972256,0.47709392276113277,0.31049383102147027,0.016276781191870742,0.24883269231119137,0.41192461986401135,0.07931810865850579,0.008943311921086166,0.6608053198787104,0.006627316983281886,0.6214279476438277,0.1771670419250349,0.6964843737299206,0.09498879770160763,0.49997509863292877,0.48420176481949606,0.1898751846716271,0.5573491272271638,0.062110144288768564,0.05425786273499984,0.08748301438856401,0.1334535332734906,0.1297852904034975,0.04593123926243454,0.00671879795594959,0.2756320337306926,0.043895761417753254,0.0046106452763528104,0.04108896979528408,0.15448836378223801,0.033845900175268076,0.002172894967756717,0.09943164487357666,0.06902345697477913,0.16703409621179677,0.0,0.0,0.0,0.0,0.0,0.0,0.0,0.0
rna_first_position,0.006090494841683255,0.006573672825104887,0.004926987230793383,0.004644768534016948,0.007680026202017769,0.0378983184603722,0.2197297239949943,0.15114076493690917,0.18707296207298826,0.20593964254867392,0.4086918915648195,0.16684134753123017,0.2886673379864309,0.004351855800443476,0.2040827321761526,0.2422861571067294,0.17365599696843104,0.17719106555178737,0.06255221754651469,0.15177903853209812,0.3006545021436644,0.07721480784417664,0.20802948565839505,0.1313743486694403,0.35627479153020636,0.1726717888155501,0.22830825559143714,0.4787462313972256,1.0,0.03927988954796383,0.3354357317013236,0.038539557650492974,0.38107035820050184,0.31731339876830245,0.12500995970304912,0.013263910475528952,0.24861097546015892,0.02080993681748758,0.1729655468151303,0.2920959493930768,0.32849804177361214,0.07826802945186109,0.2697151331381495,0.2868837920991626,0.21035733196358822,0.20524559263095482,0.18803314784232564,0.01694055445618479,0.12718177076263837,0.1893881113582734,0.1067121433193092,0.0485439990750288,0.034278196006880764,0.2553764580406999,0.16102789957534597,0.0023210668512267515,0.06988490959880572,0.014410486476925178,0.04822408584176843,0.12930364739357625,0.2062635056314517,0.0300419359593102,0.036500053354484016,0.0,0.0,0.0,0.0,0.0,0.0,0.0,0.0
token_rG_count,0.02911583357081218,0.01826102884378751,0.011963101749234267,0.0017210721191830113,0.005978454463047156,0.027943828977009,0.37105163818666925,0.7947501655840818,0.13325331839418292,0.21831322188604457,0.054557807275074394,0.8054418468726281,0.14704248998366493,0.8102925916141165,0.5242966427200946,0.21527990223810758,0.7116450141781763,0.4560197255995527,0.060614253743978656,0.4499009399498506,0.5684533281886778,0.8140888727455037,0.6249428276167689,0.4455049071159117,0.2234357723455981,0.6756097998168037,0.026691516729321987,0.47709392276113277,0.03927988954796383,1.0,0.08034252537908991,0.02553069477880417,0.009379640944713235,0.2356942517812663,0.14026278927149097,0.02224067802639537,0.24709779012800737,0.03730864578530479,0.8475260593507136,0.12135920592123993,0.2902541004330962,0.513456954333665,0.2970601260697673,0.3950247188702759,0.08134694795082054,0.7169517199570168,0.38664495839255064,0.5347903802641473,0.8720549292285474,0.18855748587229493,0.7845868177366215,0.3972743748011067,0.1494321857062112,0.3743357115985948,0.5950284762364938,0.003470469232003719,0.024495367051091232,0.6932472392266423,0.0739628999286145,0.6334664481725648,0.0401517922917766,0.13645152238970806,0.4863624321252782,0.0,0.0,0.0,0.0,0.0,0.0,0.0,0.0
star_density_3p,0.005318683836208626,0.004450992971893747,0.0021347584852034413,0.00160637613092715,0.0054777822651934475,0.22700453109924826,0.21655716156781807,0.24073807408290168,0.28618926549685125,0.25812794455055976,0.8201630978490124,0.046876525404349174,0.6019155724662284,0.027918348190486924,0.34973176321632227,0.3945103561132383,0.28221831431199235,0.2714956884616173,0.005685062307265959,0.021821940095647672,0.5174346481496325,0.0653089928563402,0.2250103292275717,0.22060480549482678,0.6612518986098292,0.20613282967504085,0.2522232717317922,0.31049383102147027,0.3354357317013236,0.08034252537908991,1.0,0.11373334707289648,0.6309496879241628,0.2929809942080392,0.14979225519159461,0.08739861115818728,0.39285845219457977,0.1985271751918492,0.1611702136206529,0.5008528333251848,0.601127746434756,0.06264137030640038,0.42416550714355605,0.4944262896127293,0.34951100729991447,0.22535687660054934,0.18723102352892693,0.07377753423585363,0.042849310536221326,0.3695282304485785,0.026285676888648458,0.05140242138874867,0.006029037590812439,0.46613953057001056,0.10925625127806299,0.004607222658529303,0.14971984267249708,0.011361673054311372,0.1101618735659511,0.09508934780233348,0.24677331953829376,0.19261590943584317,0.07630773633136478,0.0,0.0,0.0,0.0,0.0,0.0,0.0,0.0
slash_mod_count_3p,0.12498620587560828,0.12241081024135361,0.06782215881330418,0.045893556523477895,0.09691710058208171,0.06674218293064837,0.10968054316076038,0.06768089876410421,0.03638950532230816,0.027522163369705897,0.07269142355045073,0.02219966231845742,0.0756330118260085,0.08481315247250426,0.10003283870280462,0.0763100726364499,0.02132259967619022,0.23827608697573796,0.007911885889593169,0.14757133777033432,0.13056387171189412,0.08979020657349608,0.02862208209713533,0.28337573275600264,0.007576193367433013,0.1927718611336131,0.07087174318761547,0.016276781191870742,0.038539557650492974,0.02553069477880417,0.11373334707289648,1.0,0.07864173317071067,0.10575525336798376,0.047191619286072364,0.0033272555927238968,0.07132250406526712,0.023969993597596696,0.07303430226394085,0.23196230752005761,0.12287991341831313,0.08224241533577754,0.3968806041438342,0.18138701208373023,0.08462368950466642,0.04329786317141477,0.0017530257302107739,0.04631172315055067,0.07077391573500576,0.6246703130918313,0.08368445549742176,0.06479180365312319,0.6408539939843544,0.14223881196330143,0.09756873645472244,0.004116490879470967,0.8489551931457779,0.20189864134618185,0.774387872145531,0.06117962815912025,0.1544335794857353,0.07241865242194061,0.005357691425868287,0.0,0.0,0.0,0.0,0.0,0.0,0.0,0.0
star_count_5p,0.039394074138796385,0.04115285771855522,0.007288178490537639,0.0068707103423317085,0.0353479112038895,0.02878220897468849,0.040831074370514836,0.11419899884833047,0.24874167500650893,0.334296535534427,0.7318523286415051,0.06840448837000687,0.5027120307769783,0.03369434418802814,0.20808934982806518,0.36619518088313374,0.27395816506212456,0.17315285697728303,0.008780511577142614,0.07573021938688729,0.5326214372137351,0.021615170553782554,0.16759963548267823,0.1858014320847251,0.5302042351190343,0.20779783596115783,0.2792756237696921,0.24883269231119137,0.38107035820050184,0.009379640944713235,0.6309496879241628,0.07864173317071067,1.0,0.3447548651050653,0.5799913675711149,0.033889554239563704,0.37865687224146466,0.021554098324904073,0.09287705496615782,0.4809318040567915,0.4926045972250175,0.11114313346176201,0.49646433558503045,0.7574810942375619,0.22071971967661363,0.07385076931995904,0.21614997261458985,0.017424691412095697,0.08454467359014445,0.32220594792648427,0.07372108110439686,0.009355460672164126,0.04201449488125258,0.31158054052615475,0.14967999868122034,0.0034334064018847897,0.14031047839665153,0.0037400255673996907,0.09717745248221403,0.17544784842332817,0.31192359936933234,0.004231595377683839,0.024247732667432326,0.0,0.0,0.0,0.0,0.0,0.0,0.0,0.0
token_rA_fraction,0.03684467676332232,0.041946690849491916,0.024038715074586662,0.021941328654773353,0.04674603699460334,0.27996653698930524,0.2114098091668716,0.26723716374743234,0.7415635685737231,0.8064286580169493,0.3973755650420538,0.020225833215895595,0.4854976766518223,0.29122678747670994,0.366494436179466,0.4329074846558358,0.23091009432278392,0.37282645134699055,0.0970369628950463,0.2852875564506372,0.21590359859583713,0.10869156934717673,0.5130953172382103,0.3474277047074531,0.4165227395248653,0.3662447152265149,0.8900594618961937,0.41192461986401135,0.31731339876830245,0.2356942517812663,0.2929809942080392,0.10575525336798376,0.3447548651050653,1.0,0.13327285984767756,0.05609270498125128,0.45117448003809013,0.01796295537688535,0.22751778737978826,0.04451666490152208,0.4353029991028973,0.6761905687890737,0.39479416438385756,0.37121343987334077,0.6340771843749654,0.3183461269790684,0.8528302161225141,0.4341536284163744,0.48553990767950655,0.12085853266803381,0.5190986548026253,0.3780463562783439,0.22138415978749953,0.4574146782629651,0.7367986532844678,0.018103467422479848,0.13950155106870285,0.07319438646946826,0.1469212342996017,0.7229949830289654,0.03701981751368961,0.05127698545324218,0.4060492909164109,0.0,0.0,0.0,0.0,0.0,0.0,0.0,0.0
star_count_middle,0.011373050726315208,0.012275310371571582,0.009200381440309009,0.008673381970186229,0.014341253025482498,0.3224818158786442,0.24080119620389762,0.07059919641786404,0.048798094959586286,0.1726316653721326,0.02471547968652051,0.10482252164130557,0.0109415602587507,0.21788400041073544,0.037215167148984596,0.05324274542645816,0.16168430250751017,0.003557784240500733,0.023328989486997007,0.15218703726114333,0.09091051214374123,0.24546401866938702,0.24591735355717995,0.13183903468517594,0.13468277317723876,0.2685585793092539,0.19056485561551426,0.07931810865850579,0.12500995970304912,0.14026278927149097,0.14979225519159461,0.047191619286072364,0.5799913675711149,0.13327285984767756,1.0,0.005932898613979631,0.05514118844492023,0.002359133665144701,0.06064906910967796,0.05212110176765958,0.009165714318159691,0.16358083766934348,0.2280083158382977,0.563733247880934,0.08804207529015143,0.044886571518782205,0.04886368922413955,0.020872276903264732,0.14877928174215357,0.0769105904282154,0.05905184471875244,0.011287449267343149,0.05708661015351801,0.1980411739357808,0.013026470339331665,0.004334230916264116,0.02726644777489622,0.2434920888896409,0.036670511962855326,0.06899438229526769,0.03198345762338135,0.24394775606699745,0.0063346018091452105,0.0,0.0,0.0,0.0,0.0,0.0,0.0,0.0
modified_token_first_position,0.0008018594658953123,0.0008654734824555331,0.0006486749356256061,0.000611518721008359,0.001011133227839757,0.07259271654750153,0.02210002281453463,0.004906891471523775,0.06448382903898237,0.06037384111985189,0.11656539240247972,0.013348608737806184,0.16018292372536677,0.04173312500957498,0.02650448907222869,0.019261115324509814,0.04419259221089488,0.010903935542919619,0.0016448155820352388,0.03352953673284889,0.03395705264211449,0.017011006348320742,0.05842973427521118,0.007280699035939333,0.11688953859005644,0.0020937480657082126,0.04156632956168649,0.008943311921086166,0.013263910475528952,0.02224067802639537,0.08739861115818728,0.0033272555927238968,0.033889554239563704,0.05609270498125128,0.005932898613979631,1.0,0.01978109891695974,0.39753183714253715,0.011636156639105272,0.004143370311688663,0.0632888942089329,0.02641338627442408,0.020239913237892933,0.026564150397713863,0.0631029169957776,0.014569260109863733,0.058312721428347876,0.014548665527679042,0.03010780660660009,0.006211011699773646,0.031913089730360146,0.02382836230371342,0.004422189676488066,0.1437808855662012,0.05619188394226146,0.00030558591280533895,0.009890452959177952,0.02208585023271357,0.0060558300843825495,0.02975062957707358,0.019595814490877484,0.009550899775959736,0.03678452180969784,0.0,0.0,0.0,0.0,0.0,0.0,0.0,0.0
longest_mC_run,0.05841581169096538,0.05410669719527697,0.04055312962389198,0.03096319805230842,0.060726199911505255,0.07992052455067464,0.5991380612150728,0.54557440322123,0.14981610592169678,0.18605865858792986,0.5292572479019185,0.15003955159315446,0.41123221670064586,0.1612477581857509,0.7434385462083931,0.6147371010474557,0.02092091240119537,0.8178263993505701,0.0422715172363903,0.336213613700939,0.11085478136044197,0.2065722006241007,0.1844349236827798,0.6235473561660761,0.5679112726337562,0.5263220878660838,0.3654609214418373,0.6608053198787104,0.24861097546015892,0.24709779012800737,0.39285845219457977,0.07132250406526712,0.37865687224146466,0.45117448003809013,0.05514118844492023,0.01978109891695974,1.0,0.0034226944295742434,0.447802268451231,0.27570276271253097,0.7341369290129068,0.1207848393372684,0.6097284288469922,0.5009616948872073,0.16392098298444593,0.3405296766857274,0.1853736184323403,0.041157430043427846,0.11230757003123179,0.09834544702344572,0.15240893421059318,0.05698320353513104,0.1466469029485949,0.4671709642535369,0.12922452629689532,0.033630113790792796,0.034917744699738136,0.09881143760036652,0.038036834673400396,0.08090778657905781,0.1657962804979495,0.002221410394007092,0.0037251599021054056,0.0,0.0,0.0,0.0,0.0,0.0,0.0,0.0
star_first_position,0.0005399825887453984,0.0005828210944981923,0.00043682613461734155,0.000411804656652247,0.0006809102606599591,0.06544335701951041,0.04243283032624664,0.049267623672701995,0.06803506262337417,0.052399726216447395,0.2142872905842016,0.0631190300614757,0.16804107536889343,0.008604375207839769,0.037288278364316946,0.014117241449745986,0.015274753079644347,0.005975898963670572,0.00110764019603421,0.03005186108663366,0.017242764596647708,0.04475117679328802,0.0064515670644704655,0.005522376791934579,0.18451922104985582,0.03537292362406131,0.04673695719217966,0.006627316983281886,0.02080993681748758,0.03730864578530479,0.1985271751918492,0.023969993597596696,0.021554098324904073,0.01796295537688535,0.002359133665144701,0.39753183714253715,0.0034226944295742434,1.0,0.0133565397500288,0.10069276336468667,0.09032059342022102,0.024059832456882552,0.014947327168804432,0.005540159671548174,0.0757845793293184,0.01950850344905836,0.03379021680639523,0.03710426109757732,0.048658881451870424,0.07464460017926763,0.04023740129036499,0.030065717135101103,0.001481709471750521,0.12614803922725026,0.0032306744512405347,0.00020578552639084839,0.002262344857352348,0.05450492665205605,0.03195889447818764,0.01931144509581676,0.09581848349192246,0.09992501782760764,0.005464647041668956,0.0,0.0,0.0,0.0,0.0,0.0,0.0,0.0
token_rG_fraction,0.05750063332138792,0.04630079525916702,0.029101577788735324,0.012652766021447395,0.0373270627752304,0.02248410751599273,0.5164830393103735,0.680089844114101,0.2896272867383955,0.37199279487208364,0.12337694336890452,0.4448239058330077,0.0013567458578707572,0.6013336473271051,0.6771848936718426,0.39532185718739105,0.4773948979194014,0.6448109835932694,0.03956166843398596,0.588599815609164,0.3524251153808856,0.5022542263809218,0.31550214263768644,0.5905715184157604,0.0818945395933507,0.5455952413757826,0.14833251776099615,0.6214279476438277,0.1729655468151303,0.8475260593507136,0.1611702136206529,0.07303430226394085,0.09287705496615782,0.22751778737978826,0.06064906910967796,0.011636156639105272,0.447802268451231,0.0133565397500288,1.0,0.15932536336569586,0.49089648095825006,0.5236724918907648,0.4629558835739759,0.4205407329721444,0.12671228433592255,0.8150557374546028,0.422866506118939,0.5232856269974828,0.5936079797658127,0.16022088715215022,0.5147469106643244,0.34671621682960085,0.06922834160486085,0.036080966159022454,0.5797920236452858,0.01843541802091008,0.011981685055102203,0.2465748315032467,0.0328132522735573,0.698249670842434,0.07547222402907632,0.1412687058966781,0.44031147322947767,0.0,0.0,0.0,0.0,0.0,0.0,0.0,0.0
slash_mod_position_std,0.021200118273444694,0.023296087316998816,0.005431742492908364,0.0014881817299056143,0.013886450579437654,0.20366172340079913,0.06025332687505915,0.15591417116864797,0.038221099885958225,0.018722575591048906,0.6046648020073462,0.04356809638321449,0.053144340536164306,0.09440354591623976,0.17553493677750223,0.2643014022596826,0.12776419407897907,0.13968590487157206,0.0018441379070689805,0.12415165880357236,0.47692896360196996,0.05496745459822317,0.030705431431574885,0.0693231579375096,0.5188896857756838,0.16959713326347764,0.05779685814247994,0.1771670419250349,0.2920959493930768,0.12135920592123993,0.5008528333251848,0.23196230752005761,0.4809318040567915,0.04451666490152208,0.05212110176765958,0.004143370311688663,0.27570276271253097,0.10069276336468667,0.15932536336569586,1.0,0.4066754248416991,0.08584509094911139,0.26497494714408937,0.27886441165625536,0.08393824868375506,0.16912277836215991,0.001034652445415296,0.00796259385935942,0.06470354154229285,0.7227554668390872,0.08269889529754013,0.013431832628574732,0.014702460141211156,0.02703910017306636,0.04182001457341083,0.004701884783132914,0.3487591647392613,0.0990102879376698,0.23718096143204845,0.0502693468885311,0.4743155926112133,0.16286239280353015,0.024263974946503824,0.0,0.0,0.0,0.0,0.0,0.0,0.0,0.0
longest_mU_run,0.005100075073594104,0.009246520914849107,0.0022845594858416783,0.002153699515924835,0.018377620436912642,0.20983225520980806,0.6485490532987812,0.5813186799180114,0.22563532985745083,0.1876897140131726,0.7435000522505727,0.17705691636788845,0.5670647561992241,0.16637669665749052,0.8014420329186263,0.6956572390847213,0.059994753629001175,0.7517629353969746,0.0015814524397606837,0.34040351456344026,0.2563387840778164,0.22527785365729502,0.23716397605426015,0.6498627703989855,0.7109237576753146,0.5323085659679938,0.349788261218627,0.6964843737299206,0.32849804177361214,0.2902541004330962,0.601127746434756,0.12287991341831313,0.4926045972250175,0.4353029991028973,0.009165714318159691,0.0632888942089329,0.7341369290129068,0.09032059342022102,0.49089648095825006,0.4066754248416991,1.0,0.08411253311618545,0.7272679076498182,0.6185728567664331,0.27912888704380584,0.47639407490231567,0.12738224357007447,0.05362624188281343,0.07536840543607701,0.19007227709349858,0.003108051804425839,0.007869467218007537,0.15114727637225622,0.55466799632352,0.07883306182029685,0.03365215276113306,0.03017268883195446,0.07528966261679876,0.04814586586308733,0.06725782876459355,0.24827829503407703,0.18995229208212258,0.10671901608719599,0.0,0.0,0.0,0.0,0.0,0.0,0.0,0.0
base_C_fraction,0.019784352417895425,0.03483503133960365,0.020133796075884464,0.02700611950510377,0.04334500060383498,0.06353915205281187,0.2027199610886772,0.23405682772247177,0.45864506283057616,0.5934458257071649,0.0214368080674419,0.27820771491346274,0.10976804705120054,0.37372360397379445,0.1807060277076165,0.035426045159428474,0.2733230618057475,0.020250266156556083,0.12626133349237423,0.2701446831027078,0.20591320052588838,0.17656315484583268,0.33804619034016326,0.01582253776667422,0.1301416232261979,0.020013764820040185,0.562069888762981,0.09498879770160763,0.07826802945186109,0.513456954333665,0.06264137030640038,0.08224241533577754,0.11114313346176201,0.6761905687890737,0.16358083766934348,0.02641338627442408,0.1207848393372684,0.024059832456882552,0.5236724918907648,0.08584509094911139,0.08411253311618545,1.0,0.049802572319962414,0.010991294118518501,0.18008073029294636,0.8245803979526282,0.7671424339763218,0.5499460461133707,0.541866729352706,0.226062022326438,0.7987712889216728,0.5345673323911588,0.23800026513687833,0.21262814943516417,0.7951679931776455,0.002422329724732686,0.15452268250439946,0.22665818992521133,0.17192922592843773,0.6294423939461631,0.0831353874805587,0.27359228422764725,0.6526168314039366,0.0,0.0,0.0,0.0,0.0,0.0,0.0,0.0
methyl_count_5p,0.04675275602167695,0.043777298944618466,0.017568993434294827,0.010240214814731514,0.06932660874055403,0.10082861797443185,0.3731747964528831,0.4397885816886958,0.17227312654359675,0.17393160189197843,0.4880949694353265,0.09436206412981114,0.36425278756938656,0.25755788325289347,0.570779874606761,0.5880057327475243,0.06239149959591593,0.7570123168772726,0.05291376424909824,0.4164445958122534,0.08330080207231956,0.32792537653591597,0.055643342620792666,0.7679114696772112,0.44352930168912286,0.5930277730563711,0.3215225205253295,0.49997509863292877,0.2697151331381495,0.2970601260697673,0.42416550714355605,0.3968806041438342,0.49646433558503045,0.39479416438385756,0.2280083158382977,0.020239913237892933,0.6097284288469922,0.014947327168804432,0.4629558835739759,0.26497494714408937,0.7272679076498182,0.049802572319962414,1.0,0.8301425920910906,0.06188027212926198,0.37135103574559924,0.07271145778560723,0.05177413168391393,0.05222502338493909,0.04047413090503775,0.053593525635162786,0.04688177702224167,0.3311272779284164,0.34644500240745857,0.10423401949253934,0.0990380993373931,0.302320950337563,0.0936695782866154,0.2809205215325524,0.07405241036860975,0.12985154060654971,0.018224000487184713,0.0600915576060559,0.0,0.0,0.0,0.0,0.0,0.0,0.0,0.0
mod_density_5p,0.03124489559492828,0.030974522482210075,0.005532750077037233,0.00073554778259806,0.036460112845297606,0.001746066070937385,0.186215530157575,0.46874682426314584,0.23442544926521586,0.2738105513693851,0.5037262032550657,0.27576682037460176,0.3880343399083475,0.3505793736394452,0.46200402343877833,0.48474611088183434,0.12326306283021476,0.5223015046518383,0.05188371585458325,0.3300866782743619,0.05544216814603323,0.45136219601388544,0.11734543152167724,0.5992781269844351,0.28352280073197567,0.6073967378431797,0.39059099160237537,0.48420176481949606,0.2868837920991626,0.3950247188702759,0.4944262896127293,0.18138701208373023,0.7574810942375619,0.37121343987334077,0.563733247880934,0.026564150397713863,0.5009616948872073,0.005540159671548174,0.4205407329721444,0.27886441165625536,0.6185728567664331,0.010991294118518501,0.8301425920910906,1.0,0.14043718667320104,0.3405501135298766,0.09872553280033822,0.1527003731118392,0.17099166596768484,0.09907491173888355,0.1534634946611108,0.06082346225323156,0.14551983260148435,0.13745591485144162,0.014172902929124476,0.042957886196001015,0.13627389468920317,0.21607504621839216,0.11374887337671259,0.04760978808111142,0.09060863556036819,0.053670928113294374,0.12234834154872286,0.0,0.0,0.0,0.0,0.0,0.0,0.0,0.0
base_U_fraction,0.03979485981592189,0.03134431741550563,0.02768043950815951,0.018802028734769247,0.02250494819435208,0.5273835907318803,0.11306023411717021,0.16090260782987179,0.6452855845253374,0.5953483392408665,0.38605312353331755,0.1115036974731835,0.4669939040337296,0.4759473327352901,0.1683710708803564,0.10594736732223238,0.2820523322386812,0.03797959826495785,0.049069207061357756,0.7234032907058535,0.28822206009953794,0.05238983517744243,0.6159028109357596,0.004142829914723192,0.3006549770274597,0.10892678374037122,0.6144950889772252,0.1898751846716271,0.21035733196358822,0.08134694795082054,0.34951100729991447,0.08462368950466642,0.22071971967661363,0.6340771843749654,0.08804207529015143,0.0631029169957776,0.16392098298444593,0.0757845793293184,0.12671228433592255,0.08393824868375506,0.27912888704380584,0.18008073029294636,0.06188027212926198,0.14043718667320104,1.0,0.1069581460833174,0.7691374013610912,0.07208866339044222,0.1074603752366407,0.06092789632287839,0.1156030067378491,0.03770151890705174,0.0014482593450427285,0.3040973073198851,0.3461729341604645,0.010514603866538184,0.05218170595978907,0.09465975333222519,0.043390997502592774,0.2407245222734384,0.03265485068125433,0.282597177230227,0.15497577713891306,0.0,0.0,0.0,0.0,0.0,0.0,0.0,0.0
token_rC_fraction,0.006851040013813931,0.01053294997773103,0.001897163243425633,0.010209595376534828,0.010595245619264787,0.077869097250623,0.47279807503000154,0.6185274632174692,0.30065047937238354,0.41211422461549774,0.18236034270978513,0.4092159605396903,0.06991742588674678,0.557848554861466,0.6230434100559586,0.3384486932217735,0.3848749553796938,0.5327540415986669,0.07830012160216476,0.5325368282598163,0.2735157161360856,0.42551470717366996,0.2993089870221906,0.46115779287825936,0.09747506614968876,0.43311464771321373,0.24185770893754938,0.5573491272271638,0.20524559263095482,0.7169517199570168,0.22535687660054934,0.04329786317141477,0.07385076931995904,0.3183461269790684,0.044886571518782205,0.014569260109863733,0.3405296766857274,0.01950850344905836,0.8150557374546028,0.16912277836215991,0.47639407490231567,0.8245803979526282,0.37135103574559924,0.3405501135298766,0.1069581460833174,1.0,0.6054854323801728,0.4991644098149767,0.49657061713752404,0.19977928858874014,0.6924608158855379,0.4474527253657098,0.11481537710275919,0.010970025854136664,0.652741634290537,0.02209557108778373,0.037553147473806024,0.23971728014683055,0.06670823487842964,0.5290330428934864,0.1034589725012813,0.21441592740352433,0.6288284467592387,0.0,0.0,0.0,0.0,0.0,0.0,0.0,0.0
purine_fraction,0.03880573417354383,0.043073314206912953,0.031132494859836816,0.02980752771386602,0.04283779412476978,0.3026452121575122,0.057977277266086,0.04713716130189186,0.7187992515584599,0.773813994142244,0.2656875358518985,0.10803712028655718,0.3758613415190812,0.5531934412472896,0.007604414198679379,0.09210878719560661,0.36151640359875375,0.011611243744757914,0.1140325091348054,0.6472731540297283,0.3217433983946383,0.08054854754461066,0.621283943857678,0.007578283806961502,0.2806222090039493,0.05803225987780727,0.7659152173222357,0.062110144288768564,0.18803314784232564,0.38664495839255064,0.18723102352892693,0.0017530257302107739,0.21614997261458985,0.8528302161225141,0.04886368922413955,0.058312721428347876,0.1853736184323403,0.03379021680639523,0.422866506118939,0.001034652445415296,0.12738224357007447,0.7671424339763218,0.07271145778560723,0.09872553280033822,0.7691374013610912,0.6054854323801728,1.0,0.4043144216622005,0.42213248930389713,0.1071402113990019,0.5943547695362514,0.3718976296906302,0.15557441195275193,0.3364589868002877,0.7423771161554562,0.0052831738117141095,0.06636447286826881,0.08552971656916486,0.08340634561865679,0.5659374534162035,0.07530894260240799,0.006538118136368659,0.5250739793303599,0.0,0.0,0.0,0.0,0.0,0.0,0.0,0.0
longest_rG_run,0.007651744896911064,0.021957839174527035,0.016457465424130527,0.026646043812879324,0.029462335355960097,0.10302466707845509,0.08771971113329817,0.21761670392500826,0.16748701790066559,0.31211520814526456,0.006049399050288323,0.27720951064661536,0.0037721580613961927,0.3164944667784813,0.11502201445464222,0.07991572179283309,0.19518668642930065,0.05737658416892374,0.11831948647497396,0.16137409776800601,0.1903007724260581,0.24187890770965323,0.2986108383358238,0.056984446578340016,0.14361260644531235,0.039164645377252436,0.34087406261262665,0.05425786273499984,0.01694055445618479,0.5347903802641473,0.07377753423585363,0.04631172315055067,0.017424691412095697,0.4341536284163744,0.020872276903264732,0.014548665527679042,0.041157430043427846,0.03710426109757732,0.5232856269974828,0.00796259385935942,0.05362624188281343,0.5499460461133707,0.05177413168391393,0.1527003731118392,0.07208866339044222,0.4991644098149767,0.4043144216622005,1.0,0.573920711140367,0.1578183396696627,0.5506227616803427,0.691585838350606,0.2402076922253104,0.17145068957030032,0.5437104953270508,0.014496912052840745,0.10109034995131058,0.27023064502682215,0.15646911386348059,0.6237116111770303,0.009595432810098574,0.115961802662668,0.4921856561732446,0.0,0.0,0.0,0.0,0.0,0.0,0.0,0.0
base_G_count,0.011381879199307067,0.0018871024090084353,0.007829545553927812,0.002578292425487306,0.01875692905305673,0.09650760587284178,0.03361236359147554,0.4871470287916404,0.21219130141331818,0.29557364887100446,0.2365047112690312,0.7500805912293186,0.31343671920880584,0.6998613331473551,0.09742228561715886,0.18877020869645467,0.659079554756305,0.010599730784990956,0.05503849324630379,0.20777737790341688,0.5311274880230212,0.6914776737314217,0.7145268691794264,0.05502663737434313,0.4700541514543409,0.38774923419507384,0.15762686681350996,0.08748301438856401,0.12718177076263837,0.8720549292285474,0.042849310536221326,0.07077391573500576,0.08454467359014445,0.48553990767950655,0.14877928174215357,0.03010780660660009,0.11230757003123179,0.048658881451870424,0.5936079797658127,0.06470354154229285,0.07536840543607701,0.541866729352706,0.05222502338493909,0.17099166596768484,0.1074603752366407,0.49657061713752404,0.42213248930389713,0.573920711140367,1.0,0.20690762280271632,0.8648621771504802,0.4588482422986848,0.23376957564865478,0.6185167617635976,0.6735169663895673,0.02617269141455659,0.09414025875855822,0.7891165369388065,0.13031289585885103,0.7433848845961323,0.08006502993439828,0.16752220950808222,0.47035684626215496,0.0,0.0,0.0,0.0,0.0,0.0,0.0,0.0
slash_mod_last_position,0.07344299562369432,0.06392489807492892,0.04373773748907183,0.027386829712139293,0.04727939567284306,0.09943438602237832,0.002873266415952583,0.12925633113540072,0.03868665485365543,0.0715380115056153,0.380141310017525,0.12664862222609666,0.09776618918112055,0.10841478547601417,0.09195435564149632,0.11301482830126877,0.13647865118536037,0.01473585203312458,0.1783249614027866,0.042859441402730535,0.28431324858631096,0.06164497547681187,0.06185970937295215,0.10292705527599535,0.27120920761909356,0.0022889289297446775,0.06589260258963006,0.1334535332734906,0.1893881113582734,0.18855748587229493,0.3695282304485785,0.6246703130918313,0.32220594792648427,0.12085853266803381,0.0769105904282154,0.006211011699773646,0.09834544702344572,0.07464460017926763,0.16022088715215022,0.7227554668390872,0.19007227709349858,0.226062022326438,0.04047413090503775,0.09907491173888355,0.06092789632287839,0.19977928858874014,0.1071402113990019,0.1578183396696627,0.20690762280271632,1.0,0.23940244606986785,0.12072094768243301,0.6799504452072317,0.15378214511061986,0.17250526025980928,0.007070975424214931,0.707531441534472,0.25469250671673577,0.6568272641562782,0.17445110437130476,0.3525777642977231,0.16022284214742136,0.1412468226984834,0.0,0.0,0.0,0.0,0.0,0.0,0.0,0.0
base_C_count,0.027644523444643142,0.04141637360044302,0.024343687257363175,0.03115792408641028,0.05581796993323267,0.009958760003252196,0.11078283596056257,0.5029928169929981,0.22917215997898482,0.33325237840102767,0.14600220620675938,0.7222189718507315,0.2209203778208265,0.684397254113863,0.16954911164696101,0.08818417033254161,0.5869754121620154,0.0022972163963415715,0.09940435015798287,0.23990326148683194,0.4679175867834687,0.6232006728599644,0.6780365688243377,0.035410532754437785,0.39056382053268074,0.3429814805752743,0.22207454993744888,0.1297852904034975,0.1067121433193092,0.7845868177366215,0.026285676888648458,0.08368445549742176,0.07372108110439686,0.5190986548026253,0.05905184471875244,0.031913089730360146,0.15240893421059318,0.04023740129036499,0.5147469106643244,0.08269889529754013,0.003108051804425839,0.7987712889216728,0.053593525635162786,0.1534634946611108,0.1156030067378491,0.6924608158855379,0.5943547695362514,0.5506227616803427,0.8648621771504802,0.23940244606986785,1.0,0.5288985967873145,0.26113220865520875,0.5303394210176086,0.7295863623086626,0.017778891398596484,0.1348983949088112,0.7336917727846554,0.1631996854226094,0.574796798358373,0.03316996970440667,0.20384907247884165,0.6273308293492171,0.0,0.0,0.0,0.0,0.0,0.0,0.0,0.0
longest_gc_run,0.05162701100147693,0.055722743074847245,0.041764360791742505,0.039372090846190394,0.05145326718984921,0.03314063569426219,0.07247391598012784,0.18964760149592882,0.1476759147613792,0.19213067202237558,0.027219142245987076,0.2692807454115374,0.018003977224532418,0.2555698086349643,0.08455783035088149,0.0896445170793005,0.1807155472391415,0.010098331720400124,0.10473232076494961,0.09597769206760116,0.1793809934718476,0.19220848957688985,0.25395737626913817,0.034755342698523504,0.1486235107209429,0.050699564157783025,0.27281543816581155,0.04593123926243454,0.0485439990750288,0.3972743748011067,0.05140242138874867,0.06479180365312319,0.009355460672164126,0.3780463562783439,0.011287449267343149,0.02382836230371342,0.05698320353513104,0.030065717135101103,0.34671621682960085,0.013431832628574732,0.007869467218007537,0.5345673323911588,0.04688177702224167,0.06082346225323156,0.03770151890705174,0.4474527253657098,0.3718976296906302,0.691585838350606,0.4588482422986848,0.12072094768243301,0.5288985967873145,1.0,0.18907090517045128,0.17129508365405197,0.5809225685748045,0.01749736574920435,0.11090597583138309,0.2670386398433543,0.11794657000843872,0.450404299559113,0.010135986238130477,0.0949720622274818,0.7943789283240911,0.0,0.0,0.0,0.0,0.0,0.0,0.0,0.0
slash_mod_first_position,0.07593168815117787,0.05882023860339733,0.05431210346251629,0.03577644968331783,0.04654554111483354,0.0718003879317365,0.05730968901500683,0.025550337569361654,0.01518986762262427,0.08420906150170944,0.08900377660882053,0.13841298087275938,0.0848801155189742,0.061330780622257164,0.048968901969750074,0.1116283818104353,0.06543052395039646,0.1634903059352174,0.2539060035162952,0.06437639278260025,0.09577699242905127,0.036574147437940525,0.12383890490133295,0.21251093167857307,0.15566847326619798,0.17786342883796977,0.15599765672354088,0.00671879795594959,0.034278196006880764,0.1494321857062112,0.006029037590812439,0.6408539939843544,0.04201449488125258,0.22138415978749953,0.05708661015351801,0.004422189676488066,0.1466469029485949,0.001481709471750521,0.06922834160486085,0.014702460141211156,0.15114727637225622,0.23800026513687833,0.3311272779284164,0.14551983260148435,0.0014482593450427285,0.11481537710275919,0.15557441195275193,0.2402076922253104,0.23376957564865478,0.6799504452072317,0.26113220865520875,0.18907090517045128,1.0,0.19317557851655465,0.20591949894856226,0.0052457680931509735,0.6341859644248765,0.26128331448436454,0.6895491919143975,0.20198504925998276,0.0022801533708378245,0.06134998629756048,0.1809561435484746,0.0,0.0,0.0,0.0,0.0,0.0,0.0,0.0
modified_token_mean_position,0.02973183200453319,0.03031342657704114,0.028150011102522472,0.025183920137753862,0.03743995197246159,0.39884438011317447,0.3677877795432968,0.020798327805431657,0.2825517574973024,0.2695123358203468,0.6606944298632548,0.43042495693871075,0.8262804974517549,0.468022266155524,0.38378768635542876,0.4523669852930925,0.753080489737233,0.3782309589793393,0.03467393539536144,0.05525565882106279,0.603690929489672,0.43323902350056687,0.6886158385294844,0.21040193347005334,0.8311774328102186,0.09335219682161137,0.1820340286245663,0.2756320337306926,0.2553764580406999,0.3743357115985948,0.46613953057001056,0.14223881196330143,0.31158054052615475,0.4574146782629651,0.1980411739357808,0.1437808855662012,0.4671709642535369,0.12614803922725026,0.036080966159022454,0.02703910017306636,0.55466799632352,0.21262814943516417,0.34644500240745857,0.13745591485144162,0.3040973073198851,0.010970025854136664,0.3364589868002877,0.17145068957030032,0.6185167617635976,0.15378214511061986,0.5303394210176086,0.17129508365405197,0.19317557851655465,1.0,0.4194821239933076,0.013043607684267215,0.13066697178112466,0.6255518476608055,0.14440446047676228,0.33691087169940925,0.08514521732198432,0.09826160589040481,0.18704029714698894,0.0,0.0,0.0,0.0,0.0,0.0,0.0,0.0
max_gc_window_10,0.027028756896738733,0.027019402564488298,0.01612606679134903,0.015202362843926587,0.02367496574377385,0.24192697883672518,0.09046825821873891,0.20517382560236427,0.596640763293996,0.6442722992323958,0.229668570185226,0.3225708046993907,0.32785866591988616,0.5020884617671434,0.07108449787915386,0.12933292324341608,0.448813301250611,0.01913186647320192,0.08937027819240545,0.359344525106578,0.3661974276180468,0.25466474080306206,0.5265216091817977,0.008683271385177488,0.3205886445964346,0.08870053023333198,0.579675103932962,0.043895761417753254,0.16102789957534597,0.5950284762364938,0.10925625127806299,0.09756873645472244,0.14967999868122034,0.7367986532844678,0.013026470339331665,0.05619188394226146,0.12922452629689532,0.0032306744512405347,0.5797920236452858,0.04182001457341083,0.07883306182029685,0.7951679931776455,0.10423401949253934,0.014172902929124476,0.3461729341604645,0.652741634290537,0.7423771161554562,0.5437104953270508,0.6735169663895673,0.17250526025980928,0.7295863623086626,0.5809225685748045,0.20591949894856226,0.4194821239933076,1.0,0.007949392457162459,0.13412387495585223,0.31608010223978167,0.1448664200674707,0.7616034982545512,0.02149845181677306,0.11883887903680061,0.6503509353909129,0.0,0.0,0.0,0.0,0.0,0.0,0.0,0.0
lna_count_3p,0.0009920630038743826,0.0010707664613272348,0.0008025426306544135,0.0007565728473525133,0.36603406809718275,0.008796900918862946,0.016045035817769532,0.01577213953722537,0.0035323677712020647,0.0005781773362518755,0.004641570840506424,0.03532289976553131,0.0025243156310118127,0.0040844191936595465,0.0033234231018759797,0.03135953750636755,0.01030509441506264,0.07180364973679314,0.002034970910159864,0.021921711754704754,0.01107069680952674,0.049956907197257205,0.013329308222590909,0.11255748445011882,0.011877622006813098,0.02916459740043447,0.010000498811804757,0.0046106452763528104,0.0023210668512267515,0.003470469232003719,0.004607222658529303,0.004116490879470967,0.0034334064018847897,0.018103467422479848,0.004334230916264116,0.00030558591280533895,0.033630113790792796,0.00020578552639084839,0.01843541802091008,0.004701884783132914,0.03365215276113306,0.002422329724732686,0.0990380993373931,0.042957886196001015,0.010514603866538184,0.02209557108778373,0.0052831738117141095,0.014496912052840745,0.02617269141455659,0.007070975424214931,0.017778891398596484,0.01749736574920435,0.0052457680931509735,0.013043607684267215,0.007949392457162459,1.0,0.005457390261983727,0.02755281544878348,0.005242435929892941,0.008286051121878248,0.0039645403572752804,0.03907848564025065,0.010610065265432702,0.0,0.0,0.0,0.0,0.0,0.0,0.0,0.0
slash_mod_count,0.1489551804713046,0.14667397573185936,0.0795532990241916,0.05351711011558901,0.11542053362990287,0.04147798574603975,0.052129465442004884,0.010583009641645104,0.03928601399296186,0.05477115196994805,0.14728647258587485,0.0533815128052118,0.08321190296564888,0.04134388069021282,0.03733384325886759,0.02828940754268071,0.005873899199460408,0.18048673689668204,0.3968109229801173,0.09276180346134527,0.16821210504195708,0.09228360847014704,0.007987335285232551,0.29971266602689545,0.06844429608898382,0.18275745179129102,0.10180746753516375,0.04108896979528408,0.06988490959880572,0.024495367051091232,0.14971984267249708,0.8489551931457779,0.14031047839665153,0.13950155106870285,0.02726644777489622,0.009890452959177952,0.034917744699738136,0.002262344857352348,0.011981685055102203,0.3487591647392613,0.03017268883195446,0.15452268250439946,0.302320950337563,0.13627389468920317,0.05218170595978907,0.037553147473806024,0.06636447286826881,0.10109034995131058,0.09414025875855822,0.707531441534472,0.1348983949088112,0.11090597583138309,0.6341859644248765,0.13066697178112466,0.13412387495585223,0.005457390261983727,1.0,0.22852701606480566,0.8933181520577226,0.09839855417766981,0.4321691484796879,0.05556243239340317,0.07986141840199021,0.0,0.0,0.0,0.0,0.0,0.0,0.0,0.0
decorated_length,0.04965938683541537,0.05395248133416619,0.03043558499946161,0.028367089831545504,0.062033451812754714,0.06613590751833107,0.045888952546351384,0.5802001728565475,0.19742251921448586,0.14228029307470683,0.17757007756102391,0.8893451428005401,0.23437458819800316,0.6635263488079203,0.08496770174400532,0.09263891548246345,0.638045562976042,0.04716866893168572,0.09188682416551246,0.030417988057663985,0.49787936954901457,0.827454418081914,0.6810246171249865,0.0052308721398235045,0.4613239970908319,0.5319474078953231,0.3275718180564456,0.15448836378223801,0.014410486476925178,0.6932472392266423,0.011361673054311372,0.20189864134618185,0.0037400255673996907,0.07319438646946826,0.2434920888896409,0.02208585023271357,0.09881143760036652,0.05450492665205605,0.2465748315032467,0.0990102879376698,0.07528966261679876,0.22665818992521133,0.0936695782866154,0.21607504621839216,0.09465975333222519,0.23971728014683055,0.08552971656916486,0.27023064502682215,0.7891165369388065,0.25469250671673577,0.7336917727846554,0.2670386398433543,0.26128331448436454,0.6255518476608055,0.31608010223978167,0.02755281544878348,0.22852701606480566,1.0,0.23154243430258012,0.2224958819316763,0.07287283877032934,0.042042613471220854,0.2923317786668429,0.0,0.0,0.0,0.0,0.0,0.0,0.0,0.0
longest_slash_mod_run,0.05452065132870906,0.045686399765939766,0.034242091788940845,0.021587818309354145,0.034021987018222385,0.015732618611155956,0.04483431398784537,0.011994977930680962,0.03439734903619964,0.061701826563766535,0.0851029929317601,0.07681708081233775,0.0830926154104695,0.004741098198540018,0.025945350783746907,0.010933457959193356,0.016875049032726908,0.15098575269528944,0.38665706788829524,0.07029404214912267,0.09167176833108712,0.035923451031013534,0.02010177291250517,0.2277147008397397,0.012366630991164581,0.16623143082582362,0.10473577775028982,0.033845900175268076,0.04822408584176843,0.0739628999286145,0.1101618735659511,0.774387872145531,0.09717745248221403,0.1469212342996017,0.036670511962855326,0.0060558300843825495,0.038036834673400396,0.03195889447818764,0.0328132522735573,0.23718096143204845,0.04814586586308733,0.17192922592843773,0.2809205215325524,0.11374887337671259,0.043390997502592774,0.06670823487842964,0.08340634561865679,0.15646911386348059,0.13031289585885103,0.6568272641562782,0.1631996854226094,0.11794657000843872,0.6895491919143975,0.14440446047676228,0.1448664200674707,0.005242435929892941,0.8933181520577226,0.23154243430258012,1.0,0.12896683719135874,0.27960423212276286,0.05423564275670672,0.09871326974808818,0.0,0.0,0.0,0.0,0.0,0.0,0.0,0.0
base_G_fraction,0.04384729385381606,0.027457353533243453,0.03139207355765919,0.017526929372288724,0.01671555474668656,0.09581185341114917,0.08150535122932621,0.14557558325297312,0.5366506851378996,0.6433592122700995,0.19349031620476503,0.23808757532000513,0.2985521054863462,0.36770739646256084,0.04582344374450677,0.2218487573344943,0.3617704040402414,0.02857784486046519,0.06718583556892586,0.25958203137656266,0.2872462611688501,0.19558411999208147,0.37309848926718897,0.01953700772221837,0.247976906265783,0.008707837099213876,0.593361016275803,0.002172894967756717,0.12930364739357625,0.6334664481725648,0.09508934780233348,0.06117962815912025,0.17544784842332817,0.7229949830289654,0.06899438229526769,0.02975062957707358,0.08090778657905781,0.01931144509581676,0.698249670842434,0.0502693468885311,0.06725782876459355,0.6294423939461631,0.07405241036860975,0.04760978808111142,0.2407245222734384,0.5290330428934864,0.5659374534162035,0.6237116111770303,0.7433848845961323,0.17445110437130476,0.574796798358373,0.450404299559113,0.20198504925998276,0.33691087169940925,0.7616034982545512,0.008286051121878248,0.09839855417766981,0.2224958819316763,0.12896683719135874,1.0,0.03535648130794146,0.22333891782576118,0.4237963542840163,0.0,0.0,0.0,0.0,0.0,0.0,0.0,0.0
slash_mod_density_5p,0.027973864010612266,0.048314980188561625,0.008415629953069376,0.007933581186418655,0.03138132902777424,0.050983196618044645,0.051426462028527256,0.005644630080982908,0.048378490734734776,0.04801962700559088,0.3704012945832394,0.11344693653363158,0.042233120666684554,0.055540561837017485,0.09877315321233578,0.14575189830476878,0.059948506872228365,0.05122795526464705,0.006957994981496017,0.12282363983742944,0.32565441815149504,0.14917322339490965,0.12400476118448528,0.025739094424890287,0.3070926478472655,0.03872120457107704,0.08757952719638729,0.09943164487357666,0.2062635056314517,0.0401517922917766,0.24677331953829376,0.1544335794857353,0.31192359936933234,0.03701981751368961,0.03198345762338135,0.019595814490877484,0.1657962804979495,0.09581848349192246,0.07547222402907632,0.4743155926112133,0.24827829503407703,0.0831353874805587,0.12985154060654971,0.09060863556036819,0.03265485068125433,0.1034589725012813,0.07530894260240799,0.009595432810098574,0.08006502993439828,0.3525777642977231,0.03316996970440667,0.010135986238130477,0.0022801533708378245,0.08514521732198432,0.02149845181677306,0.0039645403572752804,0.4321691484796879,0.07287283877032934,0.27960423212276286,0.03535648130794146,1.0,0.047316710698192495,0.01137920704414993,0.0,0.0,0.0,0.0,0.0,0.0,0.0,0.0
terminal_gc_count,0.06735552542300656,0.07269904968370448,0.05448815281991352,0.05136706182489708,0.06116256504791512,0.18622636374245,0.17017888984760873,0.1261725213568404,0.02223983588885083,0.06926013074911691,0.22059481181667115,0.09710589715889738,0.15048338116486296,0.04668117559854676,0.15442161133329407,0.07790147377905193,0.044353229723656816,0.016082633669819886,0.04977477127990455,0.11695097875545468,0.12809303385501436,0.016187217693550197,0.16316141105593865,0.02699923641727896,0.17378118470015647,0.025212091023422766,0.035738492498256995,0.06902345697477913,0.0300419359593102,0.13645152238970806,0.19261590943584317,0.07241865242194061,0.004231595377683839,0.05127698545324218,0.24394775606699745,0.009550899775959736,0.002221410394007092,0.09992501782760764,0.1412687058966781,0.16286239280353015,0.18995229208212258,0.27359228422764725,0.018224000487184713,0.053670928113294374,0.282597177230227,0.21441592740352433,0.006538118136368659,0.115961802662668,0.16752220950808222,0.16022284214742136,0.20384907247884165,0.0949720622274818,0.06134998629756048,0.09826160589040481,0.11883887903680061,0.03907848564025065,0.05556243239340317,0.042042613471220854,0.05423564275670672,0.22333891782576118,0.047316710698192495,1.0,0.12408570177299912,0.0,0.0,0.0,0.0,0.0,0.0,0.0,0.0
longest_rC_run,0.06592367082388831,0.06914103819855438,0.05677765709960293,0.053525422896006744,0.06984547831802593,0.02106513191871635,0.1320648431694676,0.2982497681563834,0.21296807946891635,0.2585962436670432,0.027788965859894297,0.317927395603097,0.05433990518877266,0.41773831457649,0.19186571689579038,0.014396968330119718,0.2868539268147253,0.12218236477140432,0.13935641901480234,0.29188172887604247,0.25415134564513137,0.29538278858331013,0.36293800318156666,0.10458095497992069,0.13724937177934138,0.1415573223801788,0.30240949849028476,0.16703409621179677,0.036500053354484016,0.4863624321252782,0.07630773633136478,0.005357691425868287,0.024247732667432326,0.4060492909164109,0.0063346018091452105,0.03678452180969784,0.0037251599021054056,0.005464647041668956,0.44031147322947767,0.024263974946503824,0.10671901608719599,0.6526168314039366,0.0600915576060559,0.12234834154872286,0.15497577713891306,0.6288284467592387,0.5250739793303599,0.4921856561732446,0.47035684626215496,0.1412468226984834,0.6273308293492171,0.7943789283240911,0.1809561435484746,0.18704029714698894,0.6503509353909129,0.010610065265432702,0.07986141840199021,0.2923317786668429,0.09871326974808818,0.4237963542840163,0.01137920704414993,0.12408570177299912,1.0,0.0,0.0,0.0,0.0,0.0,0.0,0.0,0.0
unknown_char_count,0.0,0.0,0.0,0.0,0.0,0.0,0.0,0.0,0.0,0.0,0.0,0.0,0.0,0.0,0.0,0.0,0.0,0.0,0.0,0.0,0.0,0.0,0.0,0.0,0.0,0.0,0.0,0.0,0.0,0.0,0.0,0.0,0.0,0.0,0.0,0.0,0.0,0.0,0.0,0.0,0.0,0.0,0.0,0.0,0.0,0.0,0.0,0.0,0.0,0.0,0.0,0.0,0.0,0.0,0.0,0.0,0.0,0.0,0.0,0.0,0.0,0.0,0.0,0.0,0.0,0.0,0.0,0.0,0.0,0.0,0.0
unknown_char_fraction,0.0,0.0,0.0,0.0,0.0,0.0,0.0,0.0,0.0,0.0,0.0,0.0,0.0,0.0,0.0,0.0,0.0,0.0,0.0,0.0,0.0,0.0,0.0,0.0,0.0,0.0,0.0,0.0,0.0,0.0,0.0,0.0,0.0,0.0,0.0,0.0,0.0,0.0,0.0,0.0,0.0,0.0,0.0,0.0,0.0,0.0,0.0,0.0,0.0,0.0,0.0,0.0,0.0,0.0,0.0,0.0,0.0,0.0,0.0,0.0,0.0,0.0,0.0,0.0,0.0,0.0,0.0,0.0,0.0,0.0,0.0
terminal_star_count,0.0,0.0,0.0,0.0,0.0,0.0,0.0,0.0,0.0,0.0,0.0,0.0,0.0,0.0,0.0,0.0,0.0,0.0,0.0,0.0,0.0,0.0,0.0,0.0,0.0,0.0,0.0,0.0,0.0,0.0,0.0,0.0,0.0,0.0,0.0,0.0,0.0,0.0,0.0,0.0,0.0,0.0,0.0,0.0,0.0,0.0,0.0,0.0,0.0,0.0,0.0,0.0,0.0,0.0,0.0,0.0,0.0,0.0,0.0,0.0,0.0,0.0,0.0,0.0,0.0,0.0,0.0,0.0,0.0,0.0,0.0
token_lU_count,0.0,0.0,0.0,0.0,0.0,0.0,0.0,0.0,0.0,0.0,0.0,0.0,0.0,0.0,0.0,0.0,0.0,0.0,0.0,0.0,0.0,0.0,0.0,0.0,0.0,0.0,0.0,0.0,0.0,0.0,0.0,0.0,0.0,0.0,0.0,0.0,0.0,0.0,0.0,0.0,0.0,0.0,0.0,0.0,0.0,0.0,0.0,0.0,0.0,0.0,0.0,0.0,0.0,0.0,0.0,0.0,0.0,0.0,0.0,0.0,0.0,0.0,0.0,0.0,0.0,0.0,0.0,0.0,0.0,0.0,0.0
token_lU_fraction,0.0,0.0,0.0,0.0,0.0,0.0,0.0,0.0,0.0,0.0,0.0,0.0,0.0,0.0,0.0,0.0,0.0,0.0,0.0,0.0,0.0,0.0,0.0,0.0,0.0,0.0,0.0,0.0,0.0,0.0,0.0,0.0,0.0,0.0,0.0,0.0,0.0,0.0,0.0,0.0,0.0,0.0,0.0,0.0,0.0,0.0,0.0,0.0,0.0,0.0,0.0,0.0,0.0,0.0,0.0,0.0,0.0,0.0,0.0,0.0,0.0,0.0,0.0,0.0,0.0,0.0,0.0,0.0,0.0,0.0,0.0
longest_lU_run,0.0,0.0,0.0,0.0,0.0,0.0,0.0,0.0,0.0,0.0,0.0,0.0,0.0,0.0,0.0,0.0,0.0,0.0,0.0,0.0,0.0,0.0,0.0,0.0,0.0,0.0,0.0,0.0,0.0,0.0,0.0,0.0,0.0,0.0,0.0,0.0,0.0,0.0,0.0,0.0,0.0,0.0,0.0,0.0,0.0,0.0,0.0,0.0,0.0,0.0,0.0,0.0,0.0,0.0,0.0,0.0,0.0,0.0,0.0,0.0,0.0,0.0,0.0,0.0,0.0,0.0,0.0,0.0,0.0,0.0,0.0
lna_count_5p,0.0,0.0,0.0,0.0,0.0,0.0,0.0,0.0,0.0,0.0,0.0,0.0,0.0,0.0,0.0,0.0,0.0,0.0,0.0,0.0,0.0,0.0,0.0,0.0,0.0,0.0,0.0,0.0,0.0,0.0,0.0,0.0,0.0,0.0,0.0,0.0,0.0,0.0,0.0,0.0,0.0,0.0,0.0,0.0,0.0,0.0,0.0,0.0,0.0,0.0,0.0,0.0,0.0,0.0,0.0,0.0,0.0,0.0,0.0,0.0,0.0,0.0,0.0,0.0,0.0,0.0,0.0,0.0,0.0,0.0,0.0
lna_density_5p,0.0,0.0,0.0,0.0,0.0,0.0,0.0,0.0,0.0,0.0,0.0,0.0,0.0,0.0,0.0,0.0,0.0,0.0,0.0,0.0,0.0,0.0,0.0,0.0,0.0,0.0,0.0,0.0,0.0,0.0,0.0,0.0,0.0,0.0,0.0,0.0,0.0,0.0,0.0,0.0,0.0,0.0,0.0,0.0,0.0,0.0,0.0,0.0,0.0,0.0,0.0,0.0,0.0,0.0,0.0,0.0,0.0,0.0,0.0,0.0,0.0,0.0,0.0,0.0,0.0,0.0,0.0,0.0,0.0,0.0,0.0
